名称,省份,真实城市,市县区,区号,电话,区域,地址,大分类,小分类,经度,纬度
中国地质大学逸夫博物馆,湖北,武汉,武汉,027,67848584,光谷/鲁巷,鲁磨路338号中国地质大学,景点,博物馆,114.40052,30.517513
八路军武汉办事处旧址纪念馆,湖北,武汉,武汉,027,82735576,解放公园/武汉天地,汉口长春街57号,景点,纪念馆,114.309402,30.606155
武汉二七纪念馆,湖北,武汉,武汉,027,82934390,百步亭/二七,解放大道2499号,景点,博物馆,114.324127,30.634836
八七会议会址纪念馆,湖北,武汉,武汉,027,82835088,客运港/江滩,汉口鄱阳街139号,景点,纪念馆,114.299911,30.586637
国民政府旧址纪念馆,湖北,武汉,武汉,027,85663790,江汉路步行街,汉口中山大道708号,景点,纪念馆,114.286728,30.575834
中国收藏家酒瓶博物馆,湖北,武汉,武汉,027,83212097,古田路,古田五路2号3门,景点,博物馆,114.200799,30.597434
湖北省博物馆,湖北,武汉,武汉,027,86790329;86794127,岳家嘴/东亭,东湖路160号,景点,博物馆,114.365364,30.561302
中共五大会址纪念馆,湖北,武汉,武汉,027,88850322,司门口,都府堤20号,景点,纪念馆,114.298447,30.550941
汉阳莲花湖公园,湖北,武汉,武汉,027,,汉阳大道,建桥街道汉阳大道2号,景点,公园/广场,114.278046,30.550856
宝岛公园,湖北,武汉,武汉,027,,港澳台风情街,高雄路特1号,景点,公园/广场,114.284195,30.59783
解放公园,湖北,武汉,武汉,027,82421760,解放公园/武汉天地,解放大道1861号,景点,公园/广场,114.305031,30.608618
汉口江滩,湖北,武汉,武汉,027,82774567,客运港/江滩,汉口沿江大道天津路（临江门）,景点,广场,114.319466,30.610243
常青公园,湖北,武汉,武汉,027,,常青花园,常青路149号旁,景点,公园/广场,114.238327,30.619705
堤角公园,湖北,武汉,武汉,027,82306102,新荣/堤角,解放大道2060号,景点,公园/广场,114.338455,30.661613
中山公园,湖北,武汉,武汉,027,85607776;85807312,万松园,解放大道1265号,景点,城市公园,114.271239,30.5868
~口公园,湖北,武汉,武汉,027,83785398,~口路,汉口中山大道45号,景点,公园/广场,114.256897,30.570404
白玉公园,湖北,武汉,武汉,027,86414464,武钢厂区/武东,白玉山青化路群力村,景点,公园/广场,114.490479,30.598804
南干渠游园,湖北,武汉,武汉,027,,八大家/红钢城,冶金南干渠游园,景点,城市公园,114.402794,30.626017
青山公园,湖北,武汉,武汉,027,86863048,八大家/红钢城,和平大道1546号,景点,公园/广场,114.407875,30.638573
武汉东湖海洋世界,湖北,武汉,武汉,027,86772929,东湖风景区,沿湖大道20号,景点,海洋馆,114.379662,30.574123
九峰森林动物园,湖北,武汉,武汉,027,87639763;189****9752,光谷/东湖高新区,九峰狮子峰特1号,景点,动物园,114.491112,30.507751
武昌江滩,湖北,武汉,武汉,027,88603989,和平大道积玉桥,临江大道武昌江滩,景点,广场,114.323067,30.58823
东湖吹笛景区,湖北,武汉,武汉,027,87804351,光谷/鲁巷,马鞍山森林公园南大门,景点,森林公园,114.437088,30.51173
洪山公园,湖北,武汉,武汉,027,87892480,中南路/洪山广场,武珞路509号,景点,公园/广场,114.344086,30.534082
首义公园,湖北,武汉,武汉,027,,中南路/洪山广场,武珞路47号,景点,公园/广场,114.313179,30.541878
东湖飞鸟世界,湖北,武汉,武汉,027,86772929,岳家嘴/东亭,沿湖大道20号（梨园广场左侧）,景点,动物园,114.376274,30.57419
龙泉山生态园,湖北,武汉,武汉,027,,东西湖区,流芳镇北麓三汊港,景点,动植物园,113.955558,30.741592
汤湖公园,湖北,武汉,武汉,027,157****5739,沌口,兴华路1号,景点,公园/广场,114.165367,30.466982
杨柳堤江滩公园,湖北,武汉,武汉,027,,蔡甸城区,蔡江路25号,景点,公园/广场,114.033318,30.59008
晴川阁,湖北,武汉,武汉,027,84710887,琴台,洗马长街86号,景点,人文古迹,114.284767,30.555529
龟山风景区,湖北,武汉,武汉,027,84713530,钟家村,晴川街道龟北路5号,景点,自然风光,114.275169,30.555061
墨水湖,湖北,武汉,武汉,027,,汉阳大道,汉阳大道南侧,景点,自然风光,114.215332,30.549112
月湖风景区,湖北,武汉,武汉,027,,汉阳大道,晴川街道琴台大道68号,景点,自然风光,114.257767,30.557167
卓刀泉寺,湖北,武汉,武汉,027,87521752,卓刀泉/虎泉,卓刀泉南路27号,景点,宗教,114.36882,30.516409
詹天佑故居博物馆,湖北,武汉,武汉,027,82844493,客运港/江滩,汉口洞庭街65号,景点,博物馆,114.299423,30.585205
古德寺,湖北,武汉,武汉,027,82907553,解放公园/武汉天地,黄浦大街上滑坡路74号,景点,宗教,114.307289,30.618729
汉口辛亥首义烈士陵园,湖北,武汉,武汉,027,82410639,港澳台风情街,汉口球场路2号,景点,烈士陵园,114.294373,30.597622
宋庆龄汉口旧居纪念馆,湖北,武汉,武汉,027,82296617,客运港/江滩,汉口沿江大道162号,景点,名人故居,114.30233,30.586487
京汉铁路总工会旧址,湖北,武汉,武汉,027,82901914,百步亭/二七,汉口解放大道2185号,景点,古代遗迹,114.317787,30.624475
长春观,湖北,武汉,武汉,027,88842090,石牌岭/街道口,武珞路269号（近武昌大东门),景点,宗教,114.320824,30.54022
九女墩,湖北,武汉,武汉,027,86773706,东湖风景区,东湖风景区西北湖畔,景点,人文古迹,114.383034,30.581009
毛泽东同志旧居,湖北,武汉,武汉,027,88850322,司门口,武昌都府堤路41号,景点,名人故居,114.299294,30.551012
中共中央农民运动讲习所旧址,湖北,武汉,武汉,027,88850322,司门口,武昌红巷13号,景点,纪念地,114.30027,30.553591
洪山宝塔,湖北,武汉,武汉,027,84843543,中南路/洪山广场,武珞路549号,景点,历史建筑,114.341759,30.533569
施洋烈士陵园,湖北,武汉,武汉,027,87641163,中南路/洪山广场,中南路街道武珞路509号,景点,烈士陵园,114.336876,30.532696
中央军事政治学校旧址,湖北,武汉,武汉,027,,首义汇/阅马场,武昌解放路259号,景点,古代遗迹,114.296684,30.539673
黄鹤楼,湖北,武汉,武汉,027,88875096,首义汇/阅马场,西山坡特1号,景点,古代遗迹,114.302467,30.544647
放鹰台遗址,湖北,武汉,武汉,027,,水果湖,武昌水果湖畔,景点,古代遗迹,114.353699,30.548389
宝通禅寺,湖北,武汉,武汉,027,87884539,中南路/洪山广场,中南路街道武昌武珞路549号,景点,宗教,114.340958,30.532158
杨春湖,湖北,武汉,武汉,027,,八大家/红钢城,杨春湖路杨春湖景区,景点,自然风光,114.418098,30.613766
凤凰山,湖北,武汉,武汉,027,,纸坊,中山路,景点,自然风光,114.291425,30.368601
木兰山古建筑群,湖北,武汉,武汉,027,,黄陂区,长轩岭镇木兰山古建筑群,景点,历史建筑,114.382188,31.109024
盘龙城国家考古遗址公园,湖北,武汉,武汉,027,,盘龙城,盘龙城经济开发区盘龙大道特一号,景点,古代遗迹,114.27195,30.697412
黄狮海,湖北,武汉,武汉,027,,吴家山,黄狮海东路西,景点,自然风光,114.151825,30.638826
马投潭遗址,湖北,武汉,武汉,027,,吴家山,三店农场马投潭村,景点,古代遗迹,114.127435,30.637715
后官湖国家湿地公园,湖北,武汉,武汉,027,69606288;69112210,蔡甸周边,中法武汉生态示范城五贤南路58号,景点,自然风光,114.068512,30.54554
黄家湖,湖北,武汉,武汉,027,,黄家湖大学城,黄家湖风景区,景点,自然风光,114.290291,30.441664
金银湖国家城市湿地公园,湖北,武汉,武汉,027,,金银湖,金银湖旅游渡假区,景点,公园/广场,114.187355,30.641472
龙阳湖,湖北,武汉,武汉,027,,汉阳大道,仙女山路与墨北西延线交叉口,景点,自然风光,114.192447,30.555663
三角湖,湖北,武汉,武汉,027,,沌口,汉阳龙阳大道268号三角湖渡假村附近,景点,自然风光,114.166046,30.510618
设法山,湖北,武汉,武汉,027,,沌口,（近沉湖）,景点,自然风光,114.127603,30.413493
太渔山,湖北,武汉,武汉,027,,光谷/鲁巷,鲁巷西都陈附近,景点,自然风光,114.451951,30.524341
鸭儿湖,湖北,武汉,武汉,027,,梁子湖风景区,曹家洲附近,景点,自然风光,114.573685,30.353595
水果湖,湖北,武汉,武汉,027,,水果湖,武昌白鹭街,景点,更多景点/周边游,114.348793,30.551199
陈友谅墓,湖北,武汉,武汉,027,,首义汇/阅马场,长江大桥武昌桥头引桥南坡下,景点,古代遗迹,114.295677,30.545486
龙泉山风景区,湖北,武汉,武汉,027,81620543,梁子湖风景区,东湖新技术开发区龙泉街道,景点,自然风光,114.518684,30.4088
武汉国际会展中心,湖北,武汉,武汉,027,85816005,武展商圈,万松街道解放大道696号（艳阳天酒家幸福殿堂店）,景点,展览馆,114.273575,30.580408
新华旅行社,湖北,武汉,武汉,027,82280609,客运港/江滩,黄兴路35号,景点,旅行社,114.297165,30.590324
木兰天池景区,湖北,武汉,武汉,027,61518923;61518926,黄陂区,木兰天池游客中心,景点,自然风光,114.285118,31.178089
保成路夜市,湖北,武汉,武汉,027,,江汉路步行街,保成路与江汉二路交口处,景点,夜市,114.290108,30.583296
四美塘公园,湖北,武汉,武汉,027,,徐东大街,杨园街道才华街16号附近,景点,公园/广场,114.336533,30.595491
洪山广场,湖北,武汉,武汉,027,87841463,水果湖,中北路2号,景点,广场,114.337074,30.545065
武昌基督教武昌堂,湖北,武汉,武汉,027,88877807,司门口,武昌民主路221号,景点,宗教,114.303246,30.545807
救世堂,湖北,武汉,武汉,027,,武胜路,汉正街447号,景点,宗教,114.267036,30.565453
感恩堂,湖北,武汉,武汉,027,,司门口,三道街120号,景点,宗教,114.307701,30.546444
崇真堂,湖北,武汉,武汉,027,88876559,和平大道积玉桥,昙华林2号,景点,历史建筑,114.306175,30.552734
青山堂,湖北,武汉,武汉,027,86304001,八大家/红钢城,沿港路25号,景点,宗教,114.407288,30.6332
世界城光谷步行街,湖北,武汉,武汉,027,87803088,光谷/鲁巷,东湖新技术开发区珞喻路726号,景点,步行街,114.402359,30.505339
和平国防教育基地,湖北,武汉,武汉,027,,客运港/江滩,沿江大道武汉关22码头,景点,更多景点/周边游,114.298454,30.576147
大禹神话园,湖北,武汉,武汉,027,,琴台,晴川大道大禹园神话,景点,更多景点/周边游,114.285538,30.555904
清凉寨景区,湖北,武汉,武汉,027,61539008;61539009,黄陂区,蔡店街,景点,自然风光,114.221703,31.288275
武汉长江大桥,湖北,武汉,武汉,027,,武昌区,晴川街道临江大道与龟山南路交叉口西北侧,景点,更多景点/周边游,114.283463,30.55258
喻家山,湖北,武汉,武汉,027,,光谷/鲁巷,珞喻路1037号华中科技大学洪山校区主校区北端,景点,自然风光,114.416229,30.521639
铁门关,湖北,武汉,武汉,027,84710413,鹦鹉大道,晴川大道5-6号,景点,人文古迹,114.284279,30.556343
西北湖绿化广场,湖北,武汉,武汉,027,85748936,西北湖,建设大道705号北湖站,景点,广场,114.268524,30.595692
中国武钢博物馆,湖北,武汉,武汉,027,86805808,八大家/红钢城,冶金大道30号,景点,博物馆,114.405586,30.630009
小南湖公园,湖北,武汉,武汉,027,85771781,港澳台风情街,台北一路68号,景点,公园/广场,114.277802,30.5917
水果湖儿童公园,湖北,武汉,武汉,027,87233943,水果湖,水果湖横路30号,景点,公园/广场,114.345009,30.546612
江汉路步行街,湖北,武汉,武汉,027,159****9918,江汉路步行街,江汉路步行街（近中山大道）,景点,步行街,114.289886,30.57925
武汉栖隐寺,湖北,武汉,武汉,027,,六渡桥/汉正街,六渡桥勤劳一街39号,景点,宗教,114.283707,30.571148
湖北美术学院美术馆,湖北,武汉,武汉,027,86796067;86796062,大东门/小东门,中山路368号,景点,美术馆,114.317215,30.549398
九峰良种草坪基地,湖北,武汉,武汉,027,62901797,光谷/东湖高新区,九峰乡保丰村,景点,自然风光,114.495004,30.484775
湖北地质博物馆,湖北,武汉,武汉,027,85833247,武胜路,利济北路250号,景点,博物馆,114.267555,30.57925
大孚银行旧址,湖北,武汉,武汉,027,,江汉路步行街,南京路104号,景点,古代遗迹,114.293053,30.583067
汉水公园,湖北,武汉,武汉,027,84867295,王家湾,郭茨口394号,景点,公园/广场,114.214737,30.575296
龙王庙公园,湖北,武汉,武汉,027,85360503,六渡桥/汉正街,汉口沿江大道龙王庙站旁,景点,公园/广场,114.291283,30.567051
达临性学博物馆,湖北,武汉,武汉,027,83605116,司门口,红巷路37号博物馆群E区401室,景点,博物馆,114.299095,30.553747
木兰云雾山,湖北,武汉,武汉,027,61661366;61668499,黄陂区,李家集镇泡桐店（近李集镇）,景点,自然风光,114.222687,31.114244
西园商业步行街,湖北,武汉,武汉,027,,万松园,万松街道万松园路100号,景点,步行街,114.268959,30.585636
汉阳树公园,湖北,武汉,武汉,027,,钟家村,凤凰巷12号,景点,公园/广场,114.270821,30.548079
铁佛寺,湖北,武汉,武汉,027,,鹦鹉大道,添福巷95号,景点,宗教,114.261612,30.548183
汉江江滩,湖北,武汉,武汉,027,,武胜路,沿河大道,景点,海滨沙滩,114.262657,30.564053
紫阳公园,湖北,武汉,武汉,027,88073189,首义汇/阅马场,紫阳街道张之洞路222号,景点,公园/广场,114.305283,30.52998
拜将台,湖北,武汉,武汉,027,,首义汇/阅马场,武珞路1号辛亥革命武昌起义纪念馆内,景点,更多景点/周边游,114.306053,30.540089
长青・六艺园少年儿童科技馆,湖北,武汉,武汉,027,82752742,客运港/江滩,黄兴路28号长青广场E座3楼,景点,科技馆,114.297242,30.591622
天主堂,湖北,武汉,武汉,027,84837812,钟家村,显正街163号,景点,宗教,114.271345,30.546873
基督教荣光堂,湖北,武汉,武汉,027,82835484,客运港/江滩,黄石路26号,景点,宗教,114.291786,30.586721
柏泉生态园,湖北,武汉,武汉,027,,东西湖区,吴新干线,景点,动植物园,114.089811,30.712131
华丰化工公园,湖北,武汉,武汉,027,,古田路,澳门路200号,景点,公园/广场,114.212668,30.597839
矶头山公园,湖北,武汉,武汉,027,,八大家/红钢城,青山正街,景点,公园/广场,114.420891,30.652882
九真山风景区,湖北,武汉,武汉,027,69303030,蔡甸区,玉贤街道104省道西边（炉房村旁边）,景点,自然风光,113.955092,30.481085
临江公园,湖北,武汉,武汉,027,,八大家/红钢城,建设七路,景点,公园/广场,114.389999,30.644957
喷泉公园,湖北,武汉,武汉,027,85808816,西北湖,台北街道建设大道600号,景点,公园/广场,114.27475,30.595078
青龙山森林公园,湖北,武汉,武汉,027,81810234,纸坊,青龙山国家森林公园,景点,森林公园,114.326141,30.330873
纱帽公园,湖北,武汉,汉南区,027,,汉南区中心城区,银莲路,景点,公园/广场,114.078072,30.309147
素山寺森林公园,湖北,武汉,武汉,027,,黄陂区,石门乡向阳村,景点,森林公园,114.253411,31.217652
旺山公园,湖北,武汉,武汉,027,,光谷/鲁巷,珞喻路609号,景点,公园/广场,114.393098,30.510518
西郊公园,湖北,武汉,武汉,027,,吴家山,园艺所路1号,景点,公园/广场,114.134048,30.633268
熊廷弼公园,湖北,武汉,武汉,027,,纸坊,青龙路与宁安路交叉口南300米,景点,公园/广场,114.321892,30.333382
竹叶海公园,湖北,武汉,武汉,027,83220049,吴家山,吴家山街道额头湾村,景点,公园/广场,114.162788,30.625517
报恩寺,湖北,武汉,新洲区,027,189****7198,新洲区,道观河风景旅游管理处005乡道,景点,宗教,115.010811,30.869574
柴泊湖旅游风景区,湖北,武汉,新洲区,027,,阳逻开发区,112省道,景点,自然风光,114.558701,30.680012
华泰汤孙湖旅游度假区,湖北,武汉,武汉,027,,江夏大学城/庙山,华泰街89号附近,景点,更多景点/周边游,114.379784,30.411413
江滩月亮湾景观区,湖北,武汉,武汉,027,,余家头/四美塘,临江大道,景点,更多景点/周边游,114.322922,30.587642
珞珈山,湖北,武汉,武汉,027,,珞珈山,珞珈山,景点,自然风光,114.362007,30.533176
蛇山景区,湖北,武汉,武汉,027,,江夏区,长江南岸边,景点,自然风光,114.162956,30.347363
守敬书院文化旅游,湖北,武汉,武汉,027,,中南路/洪山广场,武珞路543-2号,景点,更多景点/周边游,114.340102,30.532642
张公山寨景区,湖北,武汉,武汉,027,86411117;86411119,武钢厂区/武东,白玉山街,景点,自然风光,114.505043,30.588863
紫荆寺,湖北,武汉,新洲区,027,,新洲区,紫荆路113号,景点,宗教,114.898757,30.996677
春秋国际旅行社,湖北,武汉,武汉,027,87127355,中南路/洪山广场,民主路742号,景点,旅行社,114.331762,30.544252
春天假日旅行社,湖北,武汉,武汉,027,87871616,中南路/洪山广场,武珞路448号中南国际城C2座18层1802-1804室,景点,旅行社,114.330079,30.533959
宝中旅程国际旅行社,湖北,武汉,武汉,027,83888333,余家头/四美塘,三阳路130号,景点,旅行社,114.307349,30.595799
葛洲坝西陵旅行社,湖北,武汉,武汉,027,68836196,~口路,解放大道558号,景点,旅行社,114.25156,30.576653
华昌旅行社,湖北,武汉,武汉,027,82607968,竹叶山/花桥,江大路九万方53号,景点,旅行社,114.290167,30.618327
华昌旅游,湖北,武汉,武汉,027,,武昌火车站,中山路514号,景点,旅行社,114.31486,30.53062
嘉之旅旅行社,湖北,武汉,武汉,027,51515660,武昌火车站,中山路496号嘉业宾馆1楼,景点,旅行社,114.31608,30.5325
康辉旅游,湖北,武汉,武汉,027,87122777,解放公园/武汉天地,解放大道1268号楚剧院对面,景点,旅行社,114.303659,30.604699
康辉国际旅行社,湖北,武汉,武汉,027,85850303,武展商圈,京汉大道661号江城华庭1楼,景点,旅行社,114.279353,30.581533
龙翔旅行社,湖北,武汉,武汉,027,51242424,港澳台风情街,解放公园路40号,景点,旅行社,114.297868,30.605167
龙之旅旅行社,湖北,武汉,武汉,027,83228388,吴家山,东西湖吴家山田园街159号,景点,旅行社,114.138047,30.62273
完美旅程俱乐部,湖北,武汉,武汉,027,62177112,客运港/江滩,沿江大道148号,景点,旅行社,114.300176,30.582287
西桥浴池旅社,湖北,武汉,武汉,027,59332372,钟家村,西桥路1号,景点,旅行社,114.26312,30.54907
翔龙万里行,湖北,武汉,武汉,027,,西北湖,建设大道562号国贸新都,景点,旅行社,114.269425,30.594223
新金叶商务旅行社,湖北,武汉,武汉,027,51519520,水果湖,洪山路10号湖北饭店内,景点,旅行社,114.342503,30.545479
信安旅行社,湖北,武汉,武汉,027,82831480,西北湖,建设大道562号国贸新都东塔楼18楼C座,景点,旅行社,114.270275,30.594985
徐东国际旅行社,湖北,武汉,武汉,027,62009675,客运港/江滩,一元街道洞庭街与天津路交叉口,景点,旅行社,114.299061,30.583864
徐东国际旅行社,湖北,武汉,武汉,027,84818066,余家头/四美塘,汉阳大道369号,景点,旅行社,114.343702,30.600712
徐东国际旅行社,湖北,武汉,武汉,027,86385612,八大家/红钢城,和平大道1244附1号,景点,旅行社,114.375593,30.618963
湖北徐东国旅,湖北,武汉,武汉,027,88612770,八大家/红钢城,友谊大道661附8号,景点,旅行社,114.349393,30.596854
扬子江国际旅行社,湖北,武汉,武汉,027,86777382,水果湖,黄鹂路65号,景点,旅行社,114.36301,30.56513
扬子江旅行社,湖北,武汉,武汉,027,82881567,江汉路步行街,江汉路中百商厦11楼-1-2号,景点,旅行社,114.28618,30.586046
中国国际旅行社,湖北,武汉,武汉,027,82808606-809,客运港/江滩,中山大道909号,景点,旅行社,114.302062,30.592372
中国国旅,湖北,武汉,武汉,027,87319889,丁字桥/石牌岭,梅苑路3-附1号,景点,旅行社,114.325463,30.533833
中国国际旅行社,湖北,武汉,武汉,027,88910805,首义汇/阅马场,彭刘杨路237号,景点,旅行社,114.294632,30.539912
中国青年旅行社,湖北,武汉,武汉,027,84893337;68833364,沌口,经济技术开发区宁康路58号,景点,旅行社,114.168,30.49625
中国青年旅行社,湖北,武汉,武汉,027,83784060,~口路,荣华二路幸福一村21-22号,景点,旅行社,114.265389,30.570599
中南国际旅行社,湖北,武汉,武汉,027,87732966,余家头/四美塘,和平大道,景点,旅行社,114.340027,30.596717
中南国际旅行社,湖北,武汉,武汉,027,87732966,客运港/江滩,黄石路58号,景点,旅行社,114.290783,30.591873
中南国际旅行社,湖北,武汉,武汉,027,87732966,江汉路步行街,南京路12号,景点,旅行社,114.297226,30.580746
文化馆文化艺术培训,湖北,武汉,武汉,027,88072880,首义汇/阅马场,首义路198号,景点,美术馆,114.307854,30.530544
巴公房子,湖北,武汉,武汉,027,,客运港/江滩,洞庭街65号,景点,现代建筑,114.299835,30.586111
邦可花园旧址,湖北,武汉,武汉,027,,客运港/江滩,洞庭街78号,景点,古代遗迹,114.300545,30.586765
高氏医院旧址,湖北,武汉,武汉,027,,客运港/江滩,黎黄陂路38号,景点,古代遗迹,114.298477,30.588575
黄小鸭diy艺术馆,湖北,武汉,武汉,027,87210841,石牌岭/街道口,武昌广埠屯赛博数码广场对面桂园路华师文化街24号,景点,美术馆,114.358078,30.524939
惠罗公司旧址,湖北,武汉,武汉,027,,客运港/江滩,黎黄陂路,景点,古代遗迹,114.300264,30.586904
武汉科学技术馆,湖北,武汉,武汉,027,50755500,客运港/江滩,沿江大道91号,景点,科技馆,114.299881,30.579403
刘少奇故居,湖北,武汉,武汉,027,,客运港/江滩,汉口友益街尚德里4号,景点,名人故居,114.295662,30.591366
鲁肃墓,湖北,武汉,武汉,027,,琴台,晴川街道龟山北路5号龟山公园内,景点,古代遗迹,114.278915,30.555098
汉口美国海军青年会旧址,湖北,武汉,武汉,027,,客运港/江滩,黎黄陂路10号,景点,古代遗迹,114.300385,30.58757
盘龙城遗址博物院,湖北,武汉,武汉,027,61915773,盘龙城,经济开发区盘龙大道1号,景点,博物馆,114.260963,30.694139
起义街清真寺,湖北,武汉,武汉,027,,首义汇/阅马场,起义街67号,景点,宗教,114.306549,30.524754
日伪汉口放送局旧址,湖北,武汉,武汉,027,,客运港/江滩,胜利街171号,景点,古代遗迹,114.298782,30.588064
世界宝玉石博览馆,湖北,武汉,新洲区,027,89530635,新洲区,通禅湖景区附近,景点,博物馆,115.009102,30.868336
花园山天主教堂,湖北,武汉,武汉,027,,司门口,胭脂路花园山2号,景点,宗教,114.308167,30.551144
江岸铁路文化馆,湖北,武汉,武汉,027,,百步亭/二七,解放大道2229号,景点,展览馆,114.31871,30.626581
辛亥首义发难处工程营旧址,湖北,武汉,武汉,027,,首义汇/阅马场,张之洞路234号,景点,古代遗迹,114.30822,30.533552
汉口新四军军部旧址纪念馆,湖北,武汉,武汉,027,82737255,解放公园/武汉天地,胜利街332-352号,景点,纪念馆,114.311256,30.606434
日本怪屋游乐场,湖北,武汉,武汉,027,,武展商圈,解放大道696号武展中心B2楼运动中心,景点,游乐场,114.272003,30.579994
光谷广场,湖北,武汉,武汉,027,,光谷/鲁巷,小区路)东150米,景点,广场,114.398979,30.506107
东湖听涛景区,湖北,武汉,武汉,027,86792866,东湖风景区,东湖梨园广场,景点,自然风光,114.37532,30.567719
梁山头商业街,湖北,武汉,武汉,027,,藏龙岛,佛祖岭街道杨桥湖大道17号,景点,步行街,114.430639,30.421429
青岛路历史风貌区,湖北,武汉,武汉,027,,客运港/江滩,青岛路周边,景点,步行街,114.298264,30.581596
武汉欢乐谷,湖北,武汉,武汉,027,88518861,八大家/红钢城,欢乐大道196号,景点,主题乐园,114.393784,30.59247
鼓楼洞,湖北,武汉,武汉,027,,司门口,武昌路58号,景点,历史建筑,114.308533,30.544121
沙湖公园,湖北,武汉,武汉,027,88118798,岳家嘴/东亭,秦园东路与沙湖大道交口,景点,公园/广场,114.351105,30.572226
谭鑫培公园,湖北,武汉,武汉,027,,纸坊,文化大道与谭鑫培路交口东北角,景点,公园/广场,114.323814,30.369465
中国国旅,湖北,武汉,武汉,027,68833374,解放公园/武汉天地,解放大道1300号,景点,旅行社,114.304321,30.605812
绿野山庄,湖北,武汉,武汉,027,,洪山区,花山镇,景点,更多景点/周边游,114.52028,30.52515
湖北新华旅行社光谷门市部,湖北,武汉,武汉,027,181****0242,光谷/鲁巷,关山街道光谷步行街尚都酒店公寓二栋0916（近光谷国际广场）,景点,旅行社,114.402127,30.5043
新区公园,湖北,武汉,武汉,027,,江汉大学,四新大道,景点,公园/广场,114.193642,30.531958
~口民族工业博物馆,湖北,武汉,武汉,027,,古田路,丰硕路28号武汉新工厂高新技术产业园16栋,景点,博物馆,114.191554,30.606589
中国旅行社,湖北,武汉,武汉,027,87877779,石牌岭/街道口,珞瑜路6号群光广场附近,景点,旅行社,114.354031,30.526711
楚天181文化创意产业园,湖北,武汉,武汉,027,,水果湖,东湖路181号,景点,步行街,114.365028,30.566399
毛泽东故居,湖北,武汉,武汉,027,185****9699,水果湖,东湖路142号东湖宾馆内,景点,名人故居,114.367653,30.554747
锦里沟风景区,湖北,武汉,武汉,027,61521111,黄陂区,蔡店乡,景点,自然风光,114.233452,31.271856
武汉杜莎夫人蜡像馆,湖北,武汉,武汉,027,87116104;87116288,水果湖,第1街区楚河汉街21号,景点,蜡像馆,114.34446,30.555082
旅游百事通,湖北,武汉,武汉,027,82245986,百步亭/二七,解放大道二七路口东部购物公园C2区1层,景点,旅行社,114.31321,30.622872
辛亥革命博物馆,湖北,武汉,武汉,027,88051911,首义汇/阅马场,彭刘杨路258号,景点,博物馆,114.305717,30.536879
中山舰博物馆,湖北,武汉,武汉,027,81561913,江夏区,金口街中山舰路特一号,景点,博物馆,114.133456,30.345266
吉庆民俗街,湖北,武汉,武汉,027,,江汉路步行街,黄石路2号,景点,步行街,114.293541,30.585974
狮子山,湖北,武汉,武汉,027,,石牌岭/街道口,学院路,景点,自然风光,114.360288,30.478788
问津书院,湖北,武汉,新洲区,027,,新洲区,旧街街道近郊旧街孔子河畔,景点,历史建筑,114.896225,30.795927
圣米迦勒堂,湖北,武汉,武汉,027,88082701,首义汇/阅马场,复兴路26号,景点,景点/周边游,114.301796,30.529524
楚望台遗址公园,湖北,武汉,武汉,027,,石牌岭/街道口,梅家山楚望台,景点,古代遗迹,114.30902,30.525673
伏虎山烈士陵园,湖北,武汉,武汉,027,,石牌岭/街道口,卓刀泉公园后面,景点,烈士陵园,114.370329,30.516563
圣约瑟学堂旧址,湖北,武汉,武汉,027,,和平大道积玉桥,崇福山街49-51号,景点,古代遗迹,114.305817,30.550585
汉阳辛亥铁血将士公墓,湖北,武汉,武汉,027,,汉阳大道,仙女山路,景点,烈士陵园,114.186991,30.560361
易游天下国际旅行社,湖北,武汉,武汉,027,,徐东大街,徐东大街20号福星惠誉国际城8栋2单元1318室,景点,旅行社,114.354144,30.581364
张公堤城市森林公园,湖北,武汉,武汉,027,,后湖,张公堤,景点,森林公园,114.279961,30.659161
后襄河公园,湖北,武汉,武汉,027,,汉口火车站,后襄河北路,景点,公园/广场,114.255829,30.609095
九州国际旅行社,湖北,武汉,武汉,027,51832280,汉口火车站,汉口火车站财神广场6FC5,景点,旅行社,114.258479,30.617899
聚乐源儿童游乐场,湖北,武汉,武汉,027,,王家湾,龙阳大道特6号王家湾摩尔城B座5楼,景点,游乐场,114.208411,30.558631
青菱文农书画博物馆,湖北,武汉,武汉,027,88858777,白沙洲,新农街新农村122号,景点,博物馆,114.277977,30.481367
木兰山景区,湖北,武汉,武汉,027,61502718;61501019,黄陂区,胜景大道55号,景点,自然风光,114.392288,31.096987
百步亭游园,湖北,武汉,武汉,027,82330016,百步亭/二七,百步亭花园路,景点,公园/广场,114.32476,30.640919
中南国际旅行社,湖北,武汉,武汉,027,87732966,后湖,后湖南路135号,景点,旅行社,114.320168,30.648908
蛮王冢,湖北,武汉,武汉,027,,光谷/鲁巷,邮科院路88号邮科院社区大院北墙,景点,更多景点/周边游,114.39417,30.521116
乃园遗址,湖北,武汉,武汉,027,,司门口,乃园94层附1,景点,古代遗迹,114.295715,30.544256
黄陂区博物馆,湖北,武汉,武汉,027,85933829;61007569,黎黄陂广场,前川大道37号,景点,博物馆,114.380478,30.872526
东方国旅旅行社,湖北,武汉,武汉,027,85816810,港澳台风情街,劳动街道解放大道1739号,景点,旅行社,114.297861,30.599401
半侧山,湖北,武汉,武汉,027,,珞珈山,东湖珞珈山脚,景点,自然风光,114.363425,30.535484
旅游百事通,湖北,武汉,武汉,027,139****3276;158****7880,武汉商务区,复兴村振兴路68号杨子社区门口,景点,旅行社,114.243408,30.605076
鲁兹暨史沫特莱旧居,湖北,武汉,武汉,027,,客运港/江滩,鄱阳街32号,景点,名人故居,114.296928,30.583252
花旗银行大楼旧址,湖北,武汉,武汉,027,,客运港/江滩,沿江大道141号武汉客运港对面青岛路路口,景点,古代遗迹,114.299347,30.580654
康辉国际旅行社,湖北,武汉,武汉,027,87770155,石牌岭/街道口,书城路狮城公寓a2-1-1,景点,旅行社,114.340878,30.509482
龙华禅寺,湖北,武汉,武汉,027,88913068,首义汇/阅马场,武珞路81号,景点,宗教,114.315247,30.541412
四明银行旧址,湖北,武汉,武汉,027,,江汉路步行街,汉口江汉路45号,景点,古代遗迹,114.294144,30.578564
郭沫若故居,湖北,武汉,武汉,027,,珞珈山,珞珈山路珞珈山一区20号,景点,名人故居,114.372297,30.534087
周恩来故居,湖北,武汉,武汉,027,,珞珈山,珞珈山路珞珈山一区27号,景点,名人故居,114.372271,30.534511
离岛空气国际旅行社,湖北,武汉,武汉,027,86652967,丁字桥/石牌岭,丁字桥路53号A座1502室,景点,旅行社,114.330137,30.522571
台湾银行（汉口分行）旧址,湖北,武汉,武汉,027,,客运港/江滩,江汉路21号附近,景点,古代遗迹,114.295609,30.577375
东方国旅旅行社,湖北,武汉,武汉,027,87892256,王家湾,龙阳街道王家湾特1号,景点,旅行社,114.21149,30.565908
武昌蛇山烈士祠,湖北,武汉,武汉,027,,石牌岭/街道口,武珞路,景点,宗教,114.313461,30.5415
梦天湖,湖北,武汉,武汉,027,,纸坊,梁子岛,景点,更多景点/周边游,114.364532,30.373299
旅游百事通,湖北,武汉,武汉,027,83837088;150****7708,古田路,解放大道66号融侨锦城1栋1楼3号,景点,旅行社,114.19944,30.59585
武汉节水科技馆,湖北,武汉,武汉,027,,客运港/江滩,沿江大道江滩96附近（近张自忠路闸口）武汉节水科技馆附近,景点,科技馆,114.312675,30.603565
商务国旅,湖北,武汉,武汉,027,51518786,江岸区,解放公园路57号,景点,旅行社,114.29121,30.607951
市政广场,湖北,武汉,武汉,027,,客运港/江滩,沿江大道,景点,广场,114.306404,30.592819
武汉市园林科普公园,湖北,武汉,武汉,027,,余家头/四美塘,和平大道1240号,景点,公园/广场,114.367805,30.617531
旅游百事通,湖北,武汉,武汉,027,88228001,首义汇/阅马场,临江大道28号,景点,旅行社,114.294158,30.547448
糖果嘉年华游乐场,湖北,武汉,武汉,027,186****1158,和平大道积玉桥,和平大道666号,景点,游乐场,114.314566,30.570754
多罗满,湖北,武汉,武汉,027,,六渡桥/汉正街,民权路37号,景点,游乐场,114.293336,30.570246
童话世界亲子嘉年华,湖北,武汉,武汉,027,82288725,解放公园/武汉天地,黄浦大街86号黄浦东宫B2106室,景点,主题公园,114.306122,30.615677
海外十堰国旅,湖北,武汉,武汉,027,85724366,江汉路步行街,江汉北路34号九运大厦C幢11楼5-7室,景点,旅行社,114.27887,30.589321
九州国际旅行社,湖北,武汉,武汉,027,52345551,石牌岭/街道口,武珞路796号,景点,旅行社,114.349735,30.527072
大武汉1911商业街,湖北,武汉,武汉,027,85891911,汉口火车站,新华路589号新华西路与发展大道交汇处,景点,步行街,114.262833,30.614378
易游天下国际旅行社,湖北,武汉,武汉,027,135****1195,光谷/鲁巷,光谷步行街尚都A座1108号铺,景点,旅行社,114.408161,30.503801
湖北书画院美术馆,湖北,武汉,武汉,027,,首义汇/阅马场,地铁首义路D1号出口,景点,美术馆,114.30983,30.533777
立兴洋行,湖北,武汉,武汉,027,,客运港/江滩,沿江大道183号,景点,古代遗迹,114.304634,30.591101
嘉诺撒仁爱修女会礼拜堂,湖北,武汉,武汉,027,,和平大道积玉桥,花园山4号,景点,宗教,114.308624,30.551706
汉阳兵工厂,湖北,武汉,武汉,027,,汉阳大道,琴台大道169附103号,景点,更多景点/周边游,114.237068,30.564005
汉口电灯公司旧址,湖北,武汉,武汉,027,,客运港/江滩,鄱阳街56号,景点,纪念馆,114.298442,30.585282
翁守谦故居,湖北,武汉,武汉,027,,和平大道积玉桥,昙华林62号,景点,名人故居,114.308289,30.55234
盐业银行大楼旧址,湖北,武汉,武汉,027,,客运港/江滩,沿江大道141号,景点,古代遗迹,114.299393,30.58053
浙江实业银行旧址,湖北,武汉,武汉,027,,江汉路步行街,中山大道910号,景点,古代遗迹,114.292462,30.581502
中央信托局汉口分局旧址,湖北,武汉,武汉,027,,江汉路步行街,中山大道908号,景点,古代遗迹,114.292213,30.581215
宝岛公园综合亭,湖北,武汉,武汉,027,,港澳台风情街,高雄路万科金域湖庭西南侧,景点,公园/广场,114.286228,30.596934
旅游百事通,湖北,武汉,武汉,027,,首义汇/阅马场,张之洞路224号,景点,旅行社,114.306185,30.533765
中南国际旅行社,湖北,武汉,武汉,027,51834341;87732966,客运港/江滩,洞庭街,景点,旅行社,114.302324,30.588824
百诚商街,湖北,武汉,武汉,027,84620777,汉阳大道,汉阳大道140号,景点,步行街,114.265404,30.549414
瑞典教区旧址,湖北,武汉,武汉,027,,首义汇/阅马场,昙华林湖北省中医院北侧约110米,景点,古代遗迹,114.309082,30.552509
昙华林,湖北,武汉,武汉,027,88129788,和平大道积玉桥,胭脂路仁济医院对面,景点,步行街,114.308983,30.551987
易游天下国际旅行社,湖北,武汉,武汉,027,158****9732;158****6573,徐东大街,红盛路1号汉飞滨江国际B座5楼403室,景点,旅行社,114.341217,30.593738
万婴墓,湖北,武汉,武汉,027,,首义汇/阅马场,花园山2号,景点,古代遗迹,114.307816,30.551023
康辉国际旅行社,湖北,武汉,武汉,027,88614510;88614500,徐东大街,徐东路7号欧洲花园小区10号楼商铺,景点,旅行社,114.349074,30.589064
小军山,湖北,武汉,武汉,027,,沌口,海伦堡千鹭湾,景点,自然风光,114.16935,30.418371
中南国际旅行社,湖北,武汉,武汉,027,87666606;87732966,八大家/红钢城,治金大道,景点,旅行社,114.39712,30.63234
龙泉灵泉寺,湖北,武汉,武汉,027,81623036,梁子湖风景区,龙泉街道龙泉山风景区55号,景点,宗教,114.515732,30.408503
涂长望陈列馆,湖北,武汉,新洲区,027,,新洲区,胜利街340号,景点,博物馆,114.843488,30.834648
中国国旅,湖北,武汉,武汉,027,61004528,黄陂广场,百锦街25号,景点,旅行社,114.378883,30.876221
九州国际旅行社,湖北,武汉,武汉,027,150****9601,徐东大街,徐东大街汪家墩福星惠誉国际城8-2公寓1511,景点,旅行社,114.352829,30.580359
天兴洲,湖北,武汉,武汉,027,153****1999,八大家/红钢城,天兴洲岛屿,景点,自然风光,114.397644,30.66353
戴家湖公园,湖北,武汉,武汉,027,86338628,八大家/红钢城,工人村街道建十路和平大道立交桥下,景点,公园/广场,114.415626,30.638573
周庄村,湖北,武汉,武汉,027,,左岭,左岭镇,景点,古村古镇,114.602764,30.476744
假日凉台,湖北,武汉,武汉,027,133****9055,水果湖,洪山路与东二路交叉路口北侧,景点,美术馆,114.345512,30.546671
石瑛旧居,湖北,武汉,武汉,027,,和平大道积玉桥,昙华林三义村特1号,景点,名人故居,114.306496,30.554085
钟子期墓,湖北,武汉,武汉,027,,蔡甸周边,中法武汉生态示范城知音湖大道与L新交叉口西（知音度假村西北300米）,景点,古代遗迹,114.090614,30.538122
耿丹烈士墓,湖北,武汉,武汉,027,,丁字桥/石牌岭,精诚路,景点,烈士陵园,114.342949,30.533165
中华循道公会弘道会旧址,湖北,武汉,武汉,027,,中南路/洪山广场,武珞路345号,景点,古代遗迹,114.326195,30.537128
旅游百事通,湖北,武汉,武汉,027,86487890,八大家/红钢城,冶金街105街南门,景点,旅行社,114.413816,30.629706
和平公园魔方乐园,湖北,武汉,武汉,027,86381318,八大家/红钢城,和平大道969号建设五路和平公园东门内,景点,游乐场,114.388512,30.635033
中国国旅,湖北,武汉,武汉,027,68833364;68833374,石牌岭/街道口,珞狮南路497号丽岛花园A广场5号,景点,旅行社,114.344488,30.501248
橘子洲岛,湖北,武汉,武汉,027,,八大家/红钢城,白玉山街橘子洲,景点,自然风光,114.386711,30.642651
知青岁月,湖北,武汉,武汉,027,,黄陂区,长岭街短岭村8号,景点,更多景点/周边游,114.355106,31.124276
长河―金莲湾,湖北,武汉,武汉,027,,蔡甸区,索河镇的长河水域,景点,自然风光,113.897463,30.513085
万里行旅行社,湖北,武汉,武汉,027,189****7679,钟家村,拦江路195号鹦鹉花园枫叶园E栋2单元1楼5室,景点,旅行社,114.272453,30.541599
中国国旅,湖北,武汉,武汉,027,68833374,八大家/红钢城,临江大道,景点,旅行社,114.412977,30.651397
环亚国际旅行社,湖北,武汉,武汉,027,50668824,光谷/鲁巷,武昌吴家湾碧水社区新都汇3栋2501室,景点,旅行社,114.39587,30.50991
龙王庙,湖北,武汉,武汉,027,,八大家/红钢城,欢乐大道196号欢乐江城内,景点,宗教,114.392507,30.589348
雾帷轩,湖北,武汉,武汉,027,,东湖风景区,沿湖大道58号磨山景区内,景点,人文古迹,114.409241,30.549021
中国国际旅行社,湖北,武汉,武汉,027,82339877,后湖,兴业路38号附21号,景点,旅行社,114.319001,30.648431
汉口江滩三期,湖北,武汉,武汉,027,,百步亭/二七,二七街道沿江大道滨江苑一期近60路车站,景点,更多景点/周边游,114.321297,30.61467
万达新航线国际旅行社,湖北,武汉,武汉,027,82839991,解放公园/武汉天地,胜利街306附3号,景点,旅行社,114.310013,30.604303
东方汇理银行,湖北,武汉,武汉,027,,客运港/江滩,沿江大道171号,景点,人文古迹,114.303658,30.589092
中国国际旅行社,湖北,武汉,武汉,027,,后湖,碧波路,景点,旅行社,114.289594,30.64777
中国当代艺术大家雷鸣东艺术馆,湖北,武汉,武汉,027,,客运港/江滩,胜利街221号附近,景点,美术馆,114.299995,30.589449
武汉园林展览中心,湖北,武汉,武汉,027,,解放公园/武汉天地,解放大道1821号,景点,展览馆,114.303902,30.607115
海航乐游,湖北,武汉,武汉,027,,解放公园/武汉天地,黄浦大街23号,景点,旅行社,114.307129,30.613733
安利英洋行,湖北,武汉,武汉,027,,客运港/江滩,四唯路四唯路小学(四唯校区)南侧约150米,景点,古代遗迹,114.30677,30.597961
湖北康辉国际旅行社,湖北,武汉,武汉,027,82860355,竹叶山/花桥,建设大道江大路23号,景点,旅行社,114.295753,30.616373
中国国学书画院,湖北,武汉,武汉,027,,客运港/江滩,胜利街217号,景点,美术馆,114.299889,30.589451
方志馆,湖北,武汉,武汉,027,,江汉路步行街,铭新街8号,景点,更多景点/周边游,114.289046,30.584616
湖北东方国际旅行社,湖北,武汉,武汉,027,82430236,港澳台风情街,澳门路148-150号1层,景点,旅行社,114.293782,30.602739
翰墨艺术馆,湖北,武汉,武汉,027,,客运港/江滩,黎黄陂路乐凯大厦西南侧,景点,美术馆,114.300456,30.587226
宝中旅游,湖北,武汉,武汉,027,82817273,江汉路步行街,沿江大道91号武汉科学技术馆F1层,景点,旅行社,114.300359,30.580211
蓝光艺术博物馆,湖北,武汉,武汉,027,,客运港/江滩,沿江大道162号,景点,博物馆,114.302498,30.586432
百步亭生育文化园,湖北,武汉,武汉,027,82316688;82316699,百步亭/二七,百步亭小区安居路与安居中路交叉处附近,景点,文化公园,114.320565,30.646933
非物质文化遗产展览中心,湖北,武汉,武汉,027,,客运港/江滩,合作路15号,景点,展览馆,114.298332,30.584864
海旅百事通国际旅行社,湖北,武汉,武汉,027,65696850,水果湖,后湖大道52附46号,景点,旅行社,114.342549,30.545146
康辉国际旅行社后湖世博园门市,湖北,武汉,武汉,027,82331193,百步亭/二七,安居路155,景点,旅行社,114.318503,30.657873
宝中旅游,湖北,武汉,武汉,027,82868003,港澳台风情街,花桥街道黄孝河路29号,景点,旅行社,114.285904,30.614552
中国国旅,湖北,武汉,武汉,027,68833374,竹叶山/花桥,惠济路15号长航大酒店一楼,景点,旅行社,114.289215,30.607865
中南国际旅游,湖北,武汉,武汉,027,85748493,港澳台风情街,台南花园旁,景点,旅行社,114.28891,30.591261
中国国旅,湖北,武汉,武汉,027,85575057,汉口火车站,汉兴街道常青路168号,景点,旅行社,114.235545,30.625665
中国国旅,湖北,武汉,武汉,027,68833374,六渡桥/汉正街,江汉路10号,景点,旅行社,114.296717,30.576817
中国国旅,湖北,武汉,武汉,027,85630491;139****9391,唐家墩/菱角湖,唐家墩中百仓储新华下路422号,景点,旅行社,114.271691,30.620531
中国国旅,湖北,武汉,武汉,027,83901109,汉口火车站,新湾二路金色雅园A区24栋1单元1-1号门面,景点,旅行社,114.24394,30.621784
青少年文体中心,湖北,武汉,武汉,027,,万松园,新华路17附1号,景点,展览馆,114.272461,30.58696
星翔国旅,湖北,武汉,武汉,027,,常青花园,常青五路33号,景点,旅行社,114.255349,30.629392
旅游百事通,湖北,武汉,武汉,027,82321828,余家头/四美塘,三新横街55号,景点,旅行社,114.348269,30.602639
花园道艺术商业街,湖北,武汉,武汉,027,,西北湖,青年路308号花园道商业街,景点,观光街区,114.265114,30.595768
易游天下,湖北,武汉,武汉,027,65680983,汉口火车站,红旗渠路168附5号,景点,旅行社,114.264179,30.609159
海航乐游,湖北,武汉,武汉,027,65661916,汉口火车站,汉兴街道红旗渠路75号,景点,旅行社,114.254966,30.624806
康辉旅游,湖北,武汉,武汉,027,65668183,汉口火车站,红旗渠路88号金色雅园b区3,景点,旅行社,114.247977,30.622817
宁波会馆旧址,湖北,武汉,武汉,027,,六渡桥/汉正街,前进五路111附1号,景点,古代遗迹,114.286636,30.581537
幸运乐游国际旅行社,湖北,武汉,武汉,027,65668330,汉口火车站,红旗渠路11号,景点,旅行社,114.246196,30.62233
旅游百事通,湖北,武汉,武汉,027,85785779,西北湖,长江日报路,景点,旅行社,114.278631,30.602681
菱角湖万达室外步行街,湖北,武汉,武汉,027,,唐家墩/菱角湖,菱角湖中心菱角湖万达广场3号门,景点,步行街,114.268547,30.610807
宝中旅游,湖北,武汉,武汉,027,88910113,司门口,临江大道57号,景点,旅行社,114.29715,30.552765
昭君广场,湖北,武汉,武汉,027,,水果湖,中北路楚河汉街,景点,广场,114.344589,30.555017
中国国际旅行社,湖北,武汉,武汉,027,51515592,和平大道积玉桥,和平大道108-2号,景点,旅行社,114.308119,30.558949
湖北徐东国际旅行社,湖北,武汉,武汉,027,182****0668,南湖花园,瑞安街111号附近,景点,旅行社,114.315826,30.512986
中国国旅,湖北,武汉,武汉,027,68833364,首义汇/阅马场,复兴路53号海达广场F1层,景点,旅行社,114.300262,30.531231
宝中旅游,湖北,武汉,武汉,027,88218855,和平大道积玉桥,中山路189号附4号,景点,旅行社,114.310774,30.555174
中共史第五次全国代表大会开幕式会址,湖北,武汉,武汉,027,,司门口,都府堤69号,景点,古代遗迹,114.29821,30.551001
湖光集团雁栖地旅游有限公司,湖北,武汉,武汉,027,,东湖风景区,落雁路,景点,旅行社,114.407469,30.559822
徐东国旅,湖北,武汉,武汉,027,88706259,和平大道积玉桥,积玉桥街道尚隆路18附40号,景点,旅行社,114.312111,30.557361
中南国际旅游公司,湖北,武汉,武汉,027,,徐东大街,和平大道杨园街,景点,旅行社,114.343408,30.603168
九州国际旅行社,湖北,武汉,武汉,027,131****5368,徐东大街,秦园路46号,景点,旅行社,114.331322,30.588695
长江观景第一台,湖北,武汉,武汉,027,,和平大道积玉桥,临江大道9号铺红酒行旁,景点,更多景点/周边游,114.30352,30.560461
海旅百事通国际旅行社,湖北,武汉,武汉,027,86710589,八大家/红钢城,铁四院对面,景点,旅行社,114.34587,30.601912
易游天下国际旅行社,湖北,武汉,武汉,027,82753636,首义汇/阅马场,解放路35号,景点,旅行社,114.295724,30.529084
宝中旅游,湖北,武汉,武汉,027,88923083,司门口,粮道街122号,景点,旅行社,114.306743,30.547807
莲溪禅寺,湖北,武汉,武汉,027,,石牌岭/街道口,涂家岭四村51号,景点,宗教,114.326431,30.520182
独立团烈士陵园,湖北,武汉,武汉,027,87641163,石牌岭/街道口,中南路,景点,烈士陵园,114.346575,30.529424
中国国旅,湖北,武汉,武汉,027,68833364,石牌岭/街道口,张之洞路217号,景点,旅行社,114.30845,30.533832
旅游百事通,湖北,武汉,武汉,027,153****3216,司门口,民主路283号,景点,旅行社,114.305263,30.545543
中国国际旅行社,湖北,武汉,武汉,027,51879856,徐东大街,徐东商圈徐东大街97号,景点,旅行社,114.352272,30.584042
海旅百事通国际旅行社,湖北,武汉,武汉,027,88322218,首义汇/阅马场,首义路街道武珞路36号顺民大厦1层1号（速8酒店旁边）,景点,旅行社,114.309522,30.540107
东南航空旅行社,湖北,武汉,武汉,027,85491570,南湖花园,恒安路127号,景点,旅行社,114.313767,30.510644
万达新航线国际旅行社,湖北,武汉,武汉,027,88921180,司门口,粮道街148号附8号,景点,旅行社,114.307429,30.54775
中国国旅,湖北,武汉,武汉,027,68833364,中南路/洪山广场,民主路719附11号,景点,旅行社,114.329504,30.541708
黄鹤楼游客服务中心,湖北,武汉,武汉,027,88875096,司门口,西山坡特1号黄鹤楼景区内,景点,公园/广场,114.308701,30.542002
宝中旅游,湖北,武汉,武汉,027,87337892,水果湖,中北路85号附近,景点,旅行社,114.33762,30.551641
九州国际旅行社,湖北,武汉,武汉,027,,中南路/洪山广场,民主路428号,景点,旅行社,114.324112,30.543409
海旅百事通国际旅行社,湖北,武汉,武汉,027,86836690,余家头/四美塘,友谊大道525附6号,景点,旅行社,114.345215,30.592365
文联文学艺术院,湖北,武汉,武汉,027,,徐东大街,东湖路翠柳街1号,景点,美术馆,114.368149,30.569679
海外旅游,湖北,武汉,武汉,027,138****6595,余家头/四美塘,和平大道743号附9号,景点,旅行社,114.368561,30.613511
大堤口广场,湖北,武汉,武汉,027,,和平大道积玉桥,临江大道64号,景点,广场,114.299316,30.556053
中南国际旅游公司,湖北,武汉,武汉,027,86811856,徐东大街,徐东路6号老房子加油站,景点,旅行社,114.338902,30.586522
中国康辉武汉旅行社,湖北,武汉,武汉,027,,水果湖,洪山路2号湖北科教大厦C座9层,景点,旅行社,114.339408,30.544208
天兴洲大桥公园,湖北,武汉,武汉,027,,八大家/红钢城,建设十路3号,景点,公园/广场,114.408943,30.648933
海航乐游,湖北,武汉,武汉,027,86681151,八大家/红钢城,市政侧路5附14号,景点,旅行社,114.399418,30.635559
中国国旅,湖北,武汉,武汉,027,68833374,八大家/红钢城,黄州街42附12号,景点,旅行社,114.403303,30.623283
徐东国旅,湖北,武汉,武汉,027,,八大家/红钢城,建设一路10附17号,景点,旅行社,114.373402,30.621162
幸运旅行社,湖北,武汉,武汉,027,,八大家/红钢城,友谊大道769附2号,景点,旅行社,114.374734,30.614361
历程旅游,湖北,武汉,武汉,027,,八大家/红钢城,工业四路南干渠游园对面5-35室,景点,旅行社,114.405246,30.626546
海旅百事通国际旅行社,湖北,武汉,武汉,027,189****4278,八大家/红钢城,建设二路59号,景点,旅行社,114.380927,30.619327
星桥旅行社,湖北,武汉,武汉,027,181****3626,八大家/红钢城,建设八路-红钢三街01号,景点,旅行社,114.401321,30.641277
欢乐嘉年华,湖北,武汉,武汉,027,,八大家/红钢城,建设四路和平公园,景点,游乐场,114.388023,30.63522
宝中旅游,湖北,武汉,武汉,027,86335587,八大家/红钢城,建设八路9附9号,景点,旅行社,114.401961,30.642226
柳林公园,湖北,武汉,武汉,027,,八大家/红钢城,临江大道896号,景点,公园/广场,114.416939,30.652534
中南国际旅游,湖北,武汉,武汉,027,86691110,八大家/红钢城,和平大道1085号西南方向170米,景点,旅行社,114.400364,30.641054
易游天下国际旅行社,湖北,武汉,武汉,027,51900001,古田路,解放大道66号商铺177号,景点,旅行社,114.201287,30.594337
中国国际旅行社,湖北,武汉,武汉,027,,古田路,云鹤一村303附5,景点,旅行社,114.219665,30.605408
中南国际旅游公司,湖北,武汉,武汉,027,83836383,古田路,古田四路5号附11号,景点,旅行社,114.21154,30.58668
中国书画院,湖北,武汉,武汉,027,,~口路,中山大道85号,景点,美术馆,114.260506,30.569408
~口科学技术馆,湖北,武汉,武汉,027,,古田路,祥顺路59号,景点,科技馆,114.217691,30.612671
中国国际旅行社,湖北,武汉,武汉,027,83424145,古田路,解放大道319号三金香港映象1层A7号,景点,旅行社,114.213093,30.589648
赤壁大战全景画馆,湖北,武汉,武汉,027,,钟家村,龟山北路龟山,景点,美术馆,114.268906,30.554384
中国国际旅行社,湖北,武汉,武汉,027,,汉阳大道,麒麟路,景点,旅行社,114.224935,30.549996
中国国际旅行社,湖北,武汉,武汉,027,51515957,汉阳大道,王家湾商圈汉阳大道488号,景点,旅行社,114.238843,30.555313
龟山三国城,湖北,武汉,武汉,027,84713718,钟家村,龟北路中段,景点,影视基地,114.272591,30.555189
汉阳圣光堂,湖北,武汉,武汉,027,84673107,汉阳大道,铁桥村徐家大湾1号,景点,宗教,114.228935,30.554222
琴台绿化广场,湖北,武汉,武汉,027,,钟家村,琴台大道与鹦鹉大道交汇处西南角,景点,广场,114.263351,30.552176
千年旅行社有限公司,湖北,武汉,武汉,027,,钟家村,龟山北路8号,景点,旅行社,114.272981,30.556803
红色广场,湖北,武汉,武汉,027,84841553,鹦鹉大道,龟山南路,景点,广场,114.266518,30.552698
宝中旅游,湖北,武汉,武汉,027,84847378,汉阳大道,汉阳大道180号,景点,旅行社,114.261992,30.549822
中国国旅,湖北,武汉,武汉,027,68833374,王家湾,郭茨口车站龙阳大道15号,景点,旅行社,114.212305,30.565945
大禹文化博物馆,湖北,武汉,武汉,027,84710887,琴台,洗马长街86号,景点,博物馆,114.284454,30.555273
辛亥革命纪念园,湖北,武汉,武汉,027,88875306;88875305,光谷/东湖高新区,九峰乡石门峰名人文化公园内,景点,纪念馆,114.478241,30.514214
中国国旅（武汉）国际旅行社,湖北,武汉,武汉,027,186****9881,光谷/鲁巷,雄楚大道677号中商平价二楼,景点,旅行社,114.386892,30.501461
康辉国际旅行社,湖北,武汉,武汉,027,87055255,光谷/鲁巷,卓刀泉街道珞瑜路鲁巷华乐大厦1楼邮科院天桥下,景点,旅行社,114.393828,30.508639
易游天下国际旅行社,湖北,武汉,武汉,027,86587989,八大家/红钢城,钢都花园管理委员会金鹤园小区79幢,景点,旅行社,114.377318,30.607818
中国国际旅行社,湖北,武汉,武汉,027,,南湖花园,文馨街204号,景点,旅行社,114.334801,30.495021
中国国旅,湖北,武汉,武汉,027,68833364,南湖花园,平安路170,景点,旅行社,114.319629,30.506899
易游天下,湖北,武汉,武汉,027,,光谷/鲁巷,鲁磨路中联大药房旁,景点,旅行社,114.400627,30.514057
九峰山革命烈士陵园,湖北,武汉,武汉,027,87635476,光谷/东湖高新区,枫林路东50米,景点,烈士陵园,114.504573,30.507882
太极广场,湖北,武汉,武汉,027,,楚河汉街,烟霞路1号,景点,广场,114.335075,30.559963
新海豚现代童画馆,湖北,武汉,武汉,027,,石牌岭/街道口,珞狮北路76号瑞景华庭1801,景点,美术馆,114.353965,30.52977
创业光谷步行街,湖北,武汉,武汉,027,,光谷/鲁巷,关山大道115,景点,步行街,114.416338,30.500558
易游天下,湖北,武汉,武汉,027,88669366,南湖花园,恒安路55号,景点,旅行社,114.314197,30.505421
中南国际旅游公司,湖北,武汉,武汉,027,87426001,光谷/鲁巷,民院路124号,景点,旅行社,114.398888,30.501078
中国国际旅行社,湖北,武汉,武汉,027,85715198,八大家/红钢城,祥丰路,景点,旅行社,114.384224,30.607944
钢都花园露天广场,湖北,武汉,武汉,027,,八大家/红钢城,钢都花园管理委员会园林路69号,景点,广场,114.367973,30.611887
宝中旅游,湖北,武汉,武汉,027,,光谷/鲁巷,珞喻路788号,景点,旅行社,114.406241,30.506871
武钢白玉山文化活动中心,湖北,武汉,武汉,027,,武钢厂区/武东,康达社区附近,景点,展览馆,114.488297,30.60808
中旅商务国际旅行社,湖北,武汉,武汉,027,,石牌岭/街道口,珞喻路272号,景点,旅行社,114.366096,30.52078
鑫田商旅,湖北,武汉,武汉,027,,石牌岭/街道口,石牌岭路193号4层,景点,旅行社,114.336651,30.515761
易游天下国际旅行社,湖北,武汉,武汉,027,,南湖花园,平安路86号,景点,旅行社,114.317467,30.502787
九峰山革命公墓,湖北,武汉,武汉,027,87635476,光谷/东湖高新区,土桥村特1号,景点,烈士陵园,114.503497,30.50768
中国国际旅行社,湖北,武汉,武汉,027,88772164,石牌岭/街道口,平安路与安邻街交叉路口往北约50米,景点,旅行社,114.316091,30.506211
中国国际旅行社,湖北,武汉,武汉,027,87415427,光谷/鲁巷,珞喻东路2号巴黎豪庭1-1-03商铺,景点,旅行社,114.426243,30.505893
中国国旅,湖北,武汉,武汉,027,51516881,光谷/鲁巷,珞喻路888号附7号,景点,旅行社,114.417044,30.506802
中国国旅,湖北,武汉,武汉,027,87466230,光谷/鲁巷,雄楚大道888号雄楚1号购物广场F1,景点,旅行社,114.390473,30.498233
基督教曙光堂,湖北,武汉,武汉,027,,光谷天地,关南一路2号,景点,宗教,114.412956,30.471846
金湖湾科技生态园,湖北,武汉,武汉,027,,梁子湖风景区,梁子湖大道,景点,动植物园,114.432152,30.318472
光谷展示中心,湖北,武汉,武汉,027,,光谷天地,关山大道光谷软件园4期F4栋,景点,展览馆,114.409195,30.476286
国营四七一公园,湖北,武汉,武汉,027,,武钢厂区/武东,武东中路,景点,公园/广场,114.458458,30.572241
古龙G,湖北,武汉,武汉,027,,梁子湖风景区,古龙山庄,景点,更多景点/周边游,114.374367,30.282437
康辉国际旅行社,湖北,武汉,武汉,027,153****8350,纸坊,郑店街道纸金路石头湾10号,景点,旅行社,114.289057,30.337917
纸坊街文化中心,湖北,武汉,武汉,027,,纸坊,兴新街285号,景点,展览馆,114.320435,30.346651
新世纪公园,湖北,武汉,武汉,027,,纸坊,北华街,景点,公园/广场,114.327705,30.356619
当代运动公园,湖北,武汉,武汉,027,,光谷/东湖高新区,郑桥小路,景点,公园/广场,114.414658,30.463587
鸽子山,湖北,武汉,武汉,027,,江夏区,082乡道,景点,自然风光,114.295999,30.278799
当代艺术馆,湖北,武汉,武汉,027,,光谷/东湖高新区,关山大道60号附近,景点,美术馆,114.418771,30.462431
基督教恩光堂,湖北,武汉,武汉,027,,纸坊,纸坊熊廷弼街特8号,景点,宗教,114.334401,30.345771
中青旅,湖北,武汉,武汉,027,81819755,纸坊,文华路(近江厦门市部),景点,旅行社,114.324725,30.352484
明王墓群,湖北,武汉,武汉,027,,藏龙岛,高新六路,景点,古代遗迹,114.507744,30.412388
中国国旅,湖北,武汉,武汉,027,68833364,藏龙岛,流芳老街大邱客运站,景点,旅行社,114.453783,30.442296
中国国际旅行社,湖北,武汉,武汉,027,81815552,纸坊,文化大道与北华街交叉路口往南约50米,景点,旅行社,114.323429,30.356472
旅游百事通,湖北,武汉,武汉,027,87386200,光谷/鲁巷,水蓝路,景点,旅行社,114.388428,30.466211
藏龙岛,湖北,武汉,武汉,027,,藏龙岛,光谷大道,景点,自然风光,114.415955,30.419518
观音寺,湖北,武汉,武汉,027,,纸坊,郑店街,景点,宗教,114.293055,30.332945
基督教恩惠堂,湖北,武汉,武汉,027,,纸坊,北华街,景点,宗教,114.333649,30.358099
海外旅游（集团）有限公司,湖北,武汉,武汉,027,4000606176,光谷/东湖高新区,华师园北路1号,景点,旅行社,114.400596,30.457416
基督教恩典堂,湖北,武汉,武汉,027,,江夏区,正街86号,景点,宗教,114.160813,30.151519
香炉山遗址,湖北,武汉,武汉,027,,蔡甸区,祥兴街南50米,景点,古代遗迹,113.946048,30.374399
金龙水寨生态乐园,湖北,武汉,武汉,027,84981567,蔡甸区,索河镇龚家渡金龙水寨,景点,动植物园,113.933121,30.548779
玉笋山人文生态园,湖北,武汉,武汉,027,,蔡甸区,大山玉贤路,景点,动植物园,113.988443,30.535923
知音故里旅游发展公司,湖北,武汉,武汉,027,,莲花湖大道,林业和旅游局一楼门面,景点,旅行社,114.037482,30.569725
中南国旅,湖北,武汉,武汉,027,84211516,沌口,宁康路98号附24号,景点,旅行社,114.166315,30.493895
镇龙禅寺,湖北,武汉,武汉,027,,蔡甸区,芦桥三路,景点,宗教,113.792046,30.269264
东岳庙,湖北,武汉,武汉,027,,蔡甸区,永安街,景点,宗教,113.952033,30.455033
中南国际旅游,湖北,武汉,武汉,027,84210070,沌口,联城路22号-1栋-附3,景点,旅行社,114.156451,30.492421
武汉市蔡甸区科技创业服务中心,湖北,武汉,武汉,027,69841448,蔡甸城区,蔡甸大街228号3栋,景点,科技馆,114.037999,30.572087
金凯商业街,湖北,武汉,武汉,027,,沌口,东风大道广发银行旁,景点,步行街,114.162519,30.496842
沌口文体广场,湖北,武汉,武汉,027,,沌口,经济开发区沌口办事处沌口开发区联城路56号,景点,广场,114.152814,30.48961
纱帽江滩公园,湖北,武汉,汉南区,027,,汉南区,滨江路,景点,公园/广场,114.085426,30.302988
武汉市汉南区纱帽广电电影服务中心,湖北,武汉,汉南区,027,,汉南区中心城区,薇湖路53号,景点,展览馆,114.084605,30.30606
鼓浪屿,湖北,武汉,武汉,027,,吴家山,吴家山街道东吴大道南山综合市场内,景点,更多景点/周边游,114.127446,30.624924
景德寺,湖北,武汉,武汉,027,,东西湖区,景德寺路与柏泉路交叉口东南300米,景点,宗教,114.134354,30.748346
七彩植物园,湖北,武汉,武汉,027,,东西湖区,走马岭街惠安大道特1号,景点,植物园,113.99604,30.645884
黄鹤楼园,湖北,武汉,武汉,027,,金银湖,金山大道环湖路特66号,景点,历史建筑,114.187073,30.670664
康辉国际旅行社,湖北,武汉,武汉,027,83227889,吴家山,东吴大道1287附10号,景点,旅行社,114.141941,30.623921
长江轮胎海外旅游,湖北,武汉,武汉,027,83890892,吴家山,五环大道65附19-20号,景点,旅行社,114.137255,30.623335
丽景广场,湖北,武汉,武汉,027,,金银湖,金南一路5-31号,景点,广场,114.22345,30.634361
武汉国际风情园,湖北,武汉,武汉,027,,东西湖区,东西湖大道,景点,更多景点/周边游,114.036133,30.649763
武汉国际风景公园,湖北,武汉,武汉,027,,东西湖区,东西湖大道4032号附近,景点,公园/广场,114.036608,30.649668
圣山欢乐世界,湖北,武汉,武汉,027,83255315,吴家山,金山大道与临空港大道交叉口西北角,景点,更多景点/周边游,114.13478,30.635412
易游天下东西湖门市,湖北,武汉,武汉,027,83240150,吴家山,田园街564附12号,景点,旅行社,114.146947,30.620717
宝中旅游,湖北,武汉,武汉,027,83957588;83957088,常青花园,常青花园新区街道常青花园五号小区30栋1层,景点,旅行社,114.242968,30.64903
慧灵禅寺,湖北,武汉,新洲区,027,,新洲区,318国道,景点,宗教,114.683899,30.912434
风火山禅寺,湖北,武汉,新洲区,027,,新洲区,新道公路,景点,宗教,114.867738,30.84315
回龙寺,湖北,武汉,新洲区,027,,新洲区,回龙寺,景点,宗教,114.656263,30.869753
岱园,湖北,武汉,武汉,027,,金银湖,环湖路67号附近,景点,公园/广场,114.211586,30.661697
清凉寺,湖北,武汉,新洲区,027,,新洲区,G70福银高速,景点,宗教,114.582676,30.786656
吉灵寺,湖北,武汉,新洲区,027,,新洲区,吉灵寺,景点,宗教,114.77494,30.737883
辛冲镇文化体育服务中心,湖北,武汉,新洲区,027,,新洲区,辛冲街道正街176号,景点,展览馆,114.821809,30.774109
报祖寺,湖北,武汉,新洲区,027,,新洲区,八方咀132,景点,宗教,114.601135,30.827478
白云寺,湖北,武汉,新洲区,027,,新洲区,G70福银高速,景点,宗教,114.592981,30.791001
将军山森林公园,湖北,武汉,新洲区,027,,新洲区,005乡道,景点,森林公园,115.016235,30.884932
庆福禅寺,湖北,武汉,新洲区,027,,新洲区,半边街路39号,景点,宗教,114.930107,30.831326
新洲博物馆,湖北,武汉,新洲区,027,86921946,新洲区中心/邾城街,博物大道城东路口,景点,博物馆,114.819153,30.844601
新洲区科技馆,湖北,武汉,新洲区,027,,新洲区中心/邾城街,博物大道309号,景点,科技馆,114.818723,30.844643
显灵观,湖北,武汉,新洲区,027,,新洲区,072乡道西150米,景点,宗教,114.795937,30.78768
龙华寺,湖北,武汉,新洲区,027,,新洲区中心/邾城街,106国道,景点,宗教,114.820251,30.843884
明王寺,湖北,武汉,新洲区,027,,新洲区,沿河大道,景点,宗教,114.687048,30.850838
高峰寺,湖北,武汉,新洲区,027,,新洲区,新洲402县道,景点,宗教,114.846952,30.920362
蒋家古庙,湖北,武汉,新洲区,027,,新洲区,民防路,景点,宗教,114.789552,30.814302
净土庵,湖北,武汉,新洲区,027,,新洲区,汪五房湾136号,景点,宗教,114.810893,30.868123
通禅湖景区,湖北,武汉,新洲区,027,,新洲区,005乡道,景点,自然风光,115.012924,30.869644
绿瀛园林,湖北,武汉,新洲区,027,,新洲区,109省道,景点,植物园,114.614296,30.813516
菩提弥陀寺,湖北,武汉,新洲区,027,,新洲区,风景旅游管理处徐铁线,景点,宗教,114.992591,30.868261
仓埠街靠山村综合服务社,湖北,武汉,新洲区,027,89068025,新洲区,318国道附近,景点,步行街,114.621861,30.871153
凯旋国际旅行社,湖北,武汉,新洲区,027,86968993;86969033,阳逻开发区,环城路36号,景点,旅行社,114.562889,30.655969
竹筒寺,湖北,武汉,新洲区,027,,新洲区,汪兴路西50米,景点,宗教,114.711868,30.783117
中南国际旅游公司,湖北,武汉,新洲区,027,,阳逻开发区,阳逻街长丰路22号,景点,旅行社,114.570054,30.656624
邾城街第三小学乡村学校少年宫,湖北,武汉,新洲区,027,86912022,新洲区中心/邾城街,江夏街42号,景点,展览馆,114.801865,30.851236
观景园,湖北,武汉,新洲区,027,,新洲区,005乡道,景点,更多景点/周边游,115.002434,30.865995
徐源泉公馆,湖北,武汉,新洲区,027,89060009,新洲区,正源路,景点,人文古迹,114.599975,30.832553
中国国旅,湖北,武汉,新洲区,027,68833364,新洲区中心/邾城街,齐安大道354-附8号,景点,旅行社,114.804119,30.848675
孔庙,湖北,武汉,武汉,027,,黄陂区,向阳村,景点,宗教,114.271942,31.23708
新洲古佛寺,湖北,武汉,新洲区,027,,新洲区,生生路新洲区汪集中学南侧约240米,景点,宗教,114.709801,30.768747
柴泊湖休闲广场,湖北,武汉,新洲区,027,,阳逻开发区,环湖路19号,景点,广场,114.566689,30.669636
竹林寺风景区,湖北,武汉,武汉,027,,黄陂区,祁泡线,景点,宗教,114.206475,31.102626
乳业科技博览中心,湖北,武汉,武汉,027,,黄陂区,武湖农场中心路2号附近,景点,展览馆,114.468727,30.718237
海会塔,湖北,武汉,新洲区,027,,新洲区,寨山寺附近,景点,宗教,114.820287,30.822967
杨河小学科技馆,湖北,武汉,武汉,027,,黄陂区,木兰文化生态旅游区素山寺森林公园,景点,科技馆,114.274505,31.211985
畜禽良种展示中心,湖北,武汉,武汉,027,,黄陂区,中心路2号附近,景点,展览馆,114.468722,30.718232
茶源广场,湖北,武汉,武汉,027,,黄陂区,民群大街40号,景点,广场,114.538381,30.924581
田田生态园,湖北,武汉,武汉,027,61810109,黄陂区,汉施大道田田现代设施农业园,景点,动植物园,114.462682,30.709404
夏家寺,湖北,武汉,武汉,027,,黄陂区,环湖线,景点,宗教,114.465462,31.062773
黄陂区蔡家榨街老年学校,湖北,武汉,武汉,027,,黄陂区,兴崛大道与民群大街交叉口西南100米,景点,展览馆,114.53611,30.92417
姚家集街文化体育服务中心,湖北,武汉,武汉,027,,黄陂区,姚集大道姚集小学西侧约30米,景点,展览馆,114.375477,31.216107
扬楼子老榨坊博物馆,湖北,武汉,武汉,027,,黄陂区,盘龙大道21,景点,博物馆,114.260315,30.707895
木兰将军寺,湖北,武汉,武汉,027,,黄陂区,木兰墓附近,景点,宗教,114.400424,31.115133
木兰墓,湖北,武汉,武汉,027,,黄陂区,木兰文化生态旅游区木兰将军寺,景点,古代遗迹,114.400804,31.115061
肖家庙,湖北,武汉,武汉,027,,黄陂区,汉施路,景点,宗教,114.488989,30.708089
黄陂古佛寺,湖北,武汉,武汉,027,,黄陂区,318国道,景点,宗教,114.600583,30.882567
普济禅寺,湖北,武汉,武汉,027,,黄陂区,河露街附近,景点,宗教,114.219551,30.807674
木兰山地质博物馆,湖北,武汉,武汉,027,,黄陂区,胜景大道54号,景点,博物馆,114.389052,31.098032
会龙古寺,湖北,武汉,武汉,027,,黄陂区,蔡栗线,景点,宗教,114.574124,30.961084
宝中旅游,湖北,武汉,武汉,027,85730692,江汉路步行街,江汉北路贝贝熊孕婴童旁,景点,旅行社,114.281772,30.587902
杨森公馆,湖北,武汉,武汉,027,,港澳台风情街,惠济路39号,景点,人文古迹,114.29171,30.611275
赞育汽水厂旧址,湖北,武汉,武汉,027,,客运港/江滩,洞庭街103-105号,景点,古代遗迹,114.302032,30.589033
中孚银行旧址,湖北,武汉,武汉,027,,江汉路步行街,南京路47号,景点,古代遗迹,114.293702,30.582522
德华学堂旧址,湖北,武汉,武汉,027,,港澳台风情街,球场街64号,景点,古代遗迹,114.290003,30.604113
唐生智公馆,湖北,武汉,武汉,027,,客运港/江滩,胜利街163-165号,景点,人文古迹,114.298386,30.587734
首善堂,湖北,武汉,武汉,027,,客运港/江滩,黎黄陂路27号,景点,历史建筑,114.299225,30.587563
咸安坊,湖北,武汉,武汉,027,,江汉路步行街,胜利街南京路下首,景点,人文古迹,114.295942,30.582771
亚细亚火油公司,湖北,武汉,武汉,027,,客运港/江滩,沿江大道148号,景点,人文古迹,114.300102,30.58219
宝顺洋行旧址,湖北,武汉,武汉,027,,客运港/江滩,天津路5号,景点,古代遗迹,114.299118,30.583252
新泰大楼旧址,湖北,武汉,武汉,027,132****1681,客运港/江滩,沿江大道158号,景点,古代遗迹,114.30159,30.584814
萧耀南公馆,湖北,武汉,武汉,027,,余家头/四美塘,中山大道911号,景点,人文古迹,114.302177,30.592402
大陆坊旧址,湖北,武汉,武汉,027,,客运港/江滩,中山大道930号附1号,景点,古代遗迹,114.292953,30.582548
泰兴里,湖北,武汉,武汉,027,,客运港/江滩,胜利街160号,景点,步行街,114.300583,30.589182
日信洋行,湖北,武汉,武汉,027,,客运港/江滩,江汉路12号,景点,人文古迹,114.296631,30.576859
裕民部洋行旧址,湖北,武汉,武汉,027,,客运港/江滩,黎黄陂路18-34号,景点,古代遗迹,114.299553,30.587782
安息日会警世堂旧址,湖北,武汉,武汉,027,,客运港/江滩,中山大道769号,景点,古代遗迹,114.297412,30.58982
德国工部巡捕房旧址,湖北,武汉,武汉,027,,客运港/江滩,胜利街271号,景点,古代遗迹,114.3041,30.594879
永利银行旧址,湖北,武汉,武汉,027,,江汉路步行街,江汉路20号,景点,古代遗迹,114.295712,30.577282
基督教青会汉口会所旧址,湖北,武汉,武汉,027,82832142,客运港/江滩,中山大道1090号,景点,宗教,114.297958,30.58918
日本领事馆旧址,湖北,武汉,武汉,027,,客运港/江滩,沿江大道234号,景点,古代遗迹,114.311058,30.602428
日租界军官宿舍旧址,湖北,武汉,武汉,027,,客运港/江滩,胜利街264-272号,景点,古代遗迹,114.309044,30.602295
完美旅程国际旅行社,湖北,武汉,武汉,027,82756712;189****3145,客运港/江滩,黄石路9号德润大厦祥润楼1407室,景点,旅行社,114.29179,30.58602
旅游百事通,湖北,武汉,武汉,027,86571860,八大家/红钢城,辽宁街4附7号,景点,旅行社,114.380852,30.619382
江城印象国旅,湖北,武汉,武汉,027,,徐东大街,徐东村团结名居,景点,旅行社,114.340595,30.582963
童家湖,湖北,武汉,武汉,027,,黄陂区,盘龙城经济开发区,景点,自然风光,114.182709,30.763279
中国国旅,湖北,武汉,武汉,027,82410062,港澳台风情街,澳门路227号,景点,旅行社,114.289782,30.605041
海旅百事通国际旅行社,湖北,武汉,武汉,027,85308712,常青花园,常青花园武商量贩1楼,景点,旅行社,114.23888,30.63934
中国国旅,湖北,武汉,武汉,027,68833374,百步亭/二七,韦桑路176号,景点,旅行社,114.31023,30.62227
海旅百事通国际旅行社,湖北,武汉,武汉,027,86860137,八大家/红钢城,工业二路26号,景点,旅行社,114.395835,30.622865
湖北东方国际旅行社,湖北,武汉,武汉,027,87800000,江夏区,关山二路,景点,旅行社,114.525606,30.465739
康辉国际旅行社汉口花园门市,湖北,武汉,武汉,027,65696966,后湖,后湖大道汉口花园一期B区52附42室,景点,旅行社,114.267384,30.631625
幸运旅行社公司,湖北,武汉,武汉,027,,宝丰,航空路3号附14号,景点,旅行社,114.26507,30.582171
中国国旅武汉国际旅行社公司杨园门市,湖北,武汉,武汉,027,51157003,徐东大街,杨园街和平大道743号铁四院天桥老单宿舍,景点,旅行社,114.343585,30.600785
顺昌号楚园博物馆,湖北,武汉,武汉,027,,徐东大街,徐东大街18号徐东古玩城旁,景点,博物馆,114.345187,30.586647
国运旅游客运有限公司,湖北,武汉,武汉,027,,解放公园/武汉天地,二七街道黄浦大街168号,景点,旅行社,114.3036,30.61673
幸运乐游国际旅行社,湖北,武汉,武汉,027,,江岸区,黄州街31附2号,景点,旅行社,114.314019,30.655819
中国国旅,湖北,武汉,武汉,027,82241359;135****0875,竹叶山/花桥,江大路23号2栋2单元1层3室,景点,旅行社,114.295719,30.616429
中国国旅,湖北,武汉,武汉,027,150****9856,~口路,宗关街道解放大道186号附12号,景点,旅行社,114.227905,30.583618
中国国旅武汉国际旅行社公司杨园门市,湖北,武汉,武汉,027,68833364;68833374,古田路,古田街道古田融侨锦城（易农街北）,景点,旅行社,114.201746,30.591794
东南航空国际旅行社,湖北,武汉,武汉,027,,金银湖,金银湖南街2附25号,景点,旅行社,114.189312,30.628193
中国国旅武汉国际旅行社公司杨园门市,湖北,武汉,武汉,027,,徐东大街,秦园路94号,景点,旅行社,114.33974,30.583176
易游天下国际旅行社,湖北,武汉,武汉,027,85771522,西北湖,青年路342附6号,景点,旅行社,114.262456,30.604486
中国国旅,湖北,武汉,武汉,027,68833374;68833364,八大家/红钢城,红卫路街道和平大道955号,景点,旅行社,114.37532,30.624714
中国国旅,湖北,武汉,武汉,027,68833364;68833374,徐东大街,团结大道,景点,旅行社,114.34291,30.578395
东方国旅,湖北,武汉,武汉,027,,王家湾,沃尔沃4S店旁边,景点,旅行社,114.209224,30.558722
海外旅游集团公司东西湖门市,湖北,武汉,武汉,027,,吴家山,吴祁街17号,景点,旅行社,114.140985,30.626944
中国国旅,湖北,武汉,武汉,027,4001171177,港澳台风情街,香港路237号附15号水务集团大门旁,景点,旅行社,114.280072,30.607842
易游天下国际旅行社复兴路门市,湖北,武汉,武汉,027,,首义汇/阅马场,巡司河街13附19号,景点,旅行社,114.300222,30.526208
中国国旅,湖北,武汉,武汉,027,4001171177,钟家村,阳新路33号,景点,旅行社,114.273848,30.545128
中国国旅,湖北,武汉,武汉,027,68833364;68833374,南湖花园,平安路314号,景点,旅行社,114.321458,30.512871
中国国旅,湖北,武汉,武汉,027,68833374,八大家/红钢城,随州街4号附,景点,旅行社,114.388653,30.625233
中国国旅,湖北,武汉,武汉,027,4001171177,武胜路,利济南路利济大厦D栋,景点,旅行社,114.272079,30.56966
康辉国际旅行社,湖北,武汉,武汉,027,134****5331,石牌岭/街道口,珞瑜路147号未来城C栋15楼1501室,景点,旅行社,114.353501,30.525309
大型恐龙主题公园,湖北,武汉,武汉,027,,沌口,龙阳大道外国语学校东南1500米（东方高尔夫球场）,景点,主题乐园,114.192389,30.503639
中南国际旅游公司,湖北,武汉,武汉,027,,光谷/鲁巷,虎泉街,景点,旅行社,114.394738,30.505618
中国国旅,湖北,武汉,武汉,027,,钟家村,归元寺路18号,景点,旅行社,114.259669,30.547359
中国国旅武汉国际旅行社公司杨园门市,湖北,武汉,武汉,027,68833374;68833364,后湖,后湖大道156号,景点,旅行社,114.299026,30.647446
中国国旅武汉国际旅行社公司杨园门市,湖北,武汉,武汉,027,,八大家/红钢城,祥丰路136号,景点,旅行社,114.37989,30.608698
武汉市航海国际旅行社,湖北,武汉,武汉,027,,武昌火车站,静安路7号凯旋名邸一楼商铺,景点,旅行社,114.318515,30.524049
中国国旅,湖北,武汉,武汉,027,4001171177,汉阳大道,汉阳大道221号,景点,旅行社,114.250592,30.551432
花果山风景旅游区,湖北,武汉,新洲区,027,89008299,新洲区,仓埠街215乡道上店村,景点,自然风光,114.652557,30.922456
新华旅行社,湖北,武汉,武汉,027,158****5188,六渡桥/汉正街,前进五路前进电脑城写字楼B-104室,景点,旅行社,114.287086,30.581527
总统系列游轮,湖北,武汉,武汉,027,84712307,琴台,晴川街道洗马长街88号（晴川饭店后）,景点,城市观光,114.285103,30.55727
银河汇冰雕城,湖北,武汉,武汉,027,84526666,江汉大学,龙阳大道海宁皮革城黄厅入口处,景点,更多景点/周边游,114.190804,30.533867
新航线国际旅行社,湖北,武汉,武汉,027,59007660,水果湖,中北路周家大湾领寓大厦1713室,景点,旅行社,114.344222,30.558211
新航线国际旅行社,湖北,武汉,武汉,027,84472892,钟家村,翠微路22号,景点,旅行社,114.265113,30.545725
华侨城生态艺术公园,湖北,武汉,武汉,027,,欢乐大道/仁和路,台北路225号,景点,公园/广场,114.386519,30.586151
大别山旅行社,湖北,武汉,武汉,027,86648688,中南路/洪山广场,武珞路442号中南国际商务城C栋B座1907室,景点,旅行社,114.330211,30.533991
湖北峡州国际旅行社有限公司,湖北,武汉,武汉,027,139****1047,汉口火车站,后襄河北路59号海马中心20楼,景点,旅行社,114.255075,30.611695
武汉扬歌旅途国际旅行社,湖北,武汉,武汉,027,88188478,百步亭/二七,头道街航天双城8栋一单元1403室,景点,旅行社,114.316031,30.623871
长江轮船海外旅游总公司,湖北,武汉,武汉,027,82765171,客运港/江滩,沿江大道69号长航大厦8层,景点,旅行社,114.294662,30.571115
SBI创意园,湖北,武汉,武汉,027,59817333,徐东大街,徐东二路2号,景点,创意园区,114.344497,30.581803
保安洋行旧址,湖北,武汉,武汉,027,,江汉路步行街,青岛路8号,景点,古代遗迹,114.298409,30.581755
长江局旧址,湖北,武汉,武汉,027,,江汉路步行街,珞珈山街12号,景点,古代遗迹,114.29966,30.586859
慈惠基督教蒙恩堂,湖北,武汉,武汉,027,,东西湖区,慈惠墩595号,景点,宗教,114.131928,30.594528
俄租界工部局旧址,湖北,武汉,武汉,027,,客运港/江滩,黎黄陂路36号,景点,古代遗迹,114.29892,30.588249
海韵艺术中心,湖北,武汉,武汉,027,89876660,南湖花园,书城路中百仓储正对面,景点,美术馆,114.337683,30.501842
汉口民国日报社旧址,湖北,武汉,武汉,027,,六渡桥/汉正街,泰宁街2号,景点,古代遗迹,114.287598,30.584198
汉口新市场旧址,湖北,武汉,武汉,027,,六渡桥/汉正街,中山大道704号附1号,景点,古代遗迹,114.287048,30.575981
华俄道胜银行旧址,湖北,武汉,武汉,027,,江汉路步行街,沿江大道162号,景点,古代遗迹,114.302498,30.58643
梦幻岛,湖北,武汉,武汉,027,,光谷/东湖高新区,万科城市花园附近,景点,公园/广场,114.410126,30.459854
木兰湖风景区,湖北,武汉,武汉,027,61550327,黄陂区,木兰乡演武街1号,景点,自然风光,114.470963,31.096087
徐荣廷故居,湖北,武汉,武汉,027,,首义汇/阅马场,民主路6号,景点,名人故居,114.295059,30.547132
中国国旅,湖北,武汉,武汉,027,4001171177,金银湖,金银湖路18号,景点,旅行社,114.2054,30.63714
中国国旅,湖北,武汉,武汉,027,68833374;68833364,汉口火车站,后湖乡汉口花园B5幢1楼5号,景点,旅行社,114.267885,30.634395
中国国旅,湖北,武汉,武汉,027,68833374,~口路,汉水桥街道三眼桥北路海虹景32号商铺,景点,旅行社,114.238455,30.576535
中青旅行社,湖北,武汉,武汉,027,87839765,中南路/洪山广场,中南路80号中南大厦1层,景点,旅行社,114.335851,30.542281
金家墩旅游集散中心,湖北,武汉,武汉,027,85831882,汉口火车站,汉口发展大道金家墩长途客运站省客旅游大楼6楼,景点,旅行社,114.255335,30.619565
旅游百事通,湖北,武汉,武汉,027,88779609,徐东大街,徐东鹏程花园内,景点,旅行社,114.352758,30.583433
福星乐游旅行社有限责任公司,湖北,武汉,武汉,027,,万松园,新华路129号远东花苑A座7楼701室,景点,旅行社,114.27252,30.59123
王家墩公园,湖北,武汉,武汉,027,,武汉商务区,清江路与云飞路交叉口南50米,景点,公园/广场,114.248329,30.602516
诚胜国际旅行社,湖北,武汉,武汉,027,85868963,汉口火车站,发展大道222号华南国际广场A座2401号,景点,旅行社,114.263747,30.616089
春秋国际旅行社,湖北,武汉,武汉,027,82779977,客运港/江滩,车站路怡东大厦5楼,景点,旅行社,114.302221,30.589521
康辉旅游,湖北,武汉,武汉,027,87777937,光谷/鲁巷,光谷米兰映像5栋2单元102商铺,景点,旅行社,114.408444,30.503889
九州国际旅行社,湖北,武汉,武汉,027,150****9127,后湖,后湖街道兴业南路淌湖二村11号,景点,旅行社,114.302927,30.638677
宝中旅游,湖北,武汉,武汉,027,85810086,汉口火车站,常青路1附1号,景点,旅行社,114.239457,30.626047
西商赛马俱乐部旧址,湖北,武汉,武汉,027,,解放公园/武汉天地,解放大道1809号西商,景点,古代遗迹,114.301521,30.605534
好之旅旅行社,湖北,武汉,武汉,027,86790092,水果湖,中北路120附20号,景点,旅行社,114.358283,30.560054
武汉廷怀汝瓷艺术馆,湖北,武汉,武汉,027,85812999,汉口火车站,金墩街15号,景点,美术馆,114.258591,30.617521
中旅商务国际旅行社,湖北,武汉,武汉,027,,石牌岭/街道口,雄楚大道415号,景点,旅行社,114.375583,30.507163
扬歌旅途,湖北,武汉,武汉,027,82464113,百步亭/二七,百步亭安居路70号,景点,旅行社,114.320406,30.64893
易游天下旅行社,湖北,武汉,武汉,027,135****5445;186****0733,后湖,百步亭花园后湖南路109号,景点,旅行社,114.313403,30.650383
海旅百事通国际旅行社,湖北,武汉,武汉,027,82967818,后湖,兴业南路,景点,旅行社,114.30324,30.63884
易游天下国际旅行社,湖北,武汉,武汉,027,83895318,吴家山,六顺路158号,景点,旅行社,114.133093,30.623195
海旅百事通国际旅行社,湖北,武汉,武汉,027,86333661,和平大道积玉桥,沿港路12附1号,景点,旅行社,114.307102,30.557462
白求恩纪念馆,湖北,武汉,武汉,027,,钟家村,显正街142号附近,景点,纪念馆,114.271172,30.547972
银湖体拓国际旅行社,湖北,武汉,武汉,027,,卓刀泉/虎泉,珞喻路459号,景点,旅行社,114.3778,30.518911
康辉国际旅行社,湖北,武汉,武汉,027,87528838,石牌岭/街道口,珞狮路122号理工大学东院,景点,旅行社,114.351431,30.518783
融侨林,湖北,武汉,武汉,027,,和平大道积玉桥,友谊大道194-15号,景点,更多景点/周边游,114.316757,30.563372
中南国际商旅,湖北,武汉,武汉,027,,八大家/红钢城,辽宁街17号,景点,旅行社,114.381745,30.620675
东南航空国际旅行社,湖北,武汉,武汉,027,,港澳台风情街,台东路133号,景点,旅行社,114.286591,30.59794
中国康辉武汉旅行社,湖北,武汉,武汉,027,87828737,中南路/洪山广场,国际金融贸易大厦11楼,景点,旅行社,114.330836,30.535016
中国国旅,湖北,武汉,武汉,027,4001171177,港澳台风情街,台北街高雄路18号一楼,景点,旅行社,114.286729,30.595028
人口文化园,湖北,武汉,武汉,027,,吴家山,田园街175号,景点,文化公园,114.139385,30.621445
海旅百事通国际旅行社,湖北,武汉,武汉,027,86684766,和平大道积玉桥,徐家棚街道团结大道5号湖大琴园小区5号门面,景点,旅行社,114.327071,30.573461
梦泽湖公园,湖北,武汉,武汉,027,,武汉商务区,云飞路附近,景点,公园/广场,114.243423,30.59119
海旅百事通国际旅行社,湖北,武汉,武汉,027,85555820,西北湖,北湖西路99-2号,景点,旅行社,114.267051,30.603215
警察史博物馆,湖北,武汉,武汉,027,,古田路,南泥湾大道99号,景点,博物馆,114.207027,30.602527
宝中旅游,湖北,武汉,武汉,027,85852256,六渡桥/汉正街,双洞正街16号,景点,旅行社,114.274267,30.581559
旅游百事通,湖北,武汉,武汉,027,84769803,鹦鹉大道,夹河路14附6号,景点,旅行社,114.269072,30.540252
武汉旅游信息咨询中心,湖北,武汉,武汉,027,,钟家村,归元寺路20号,景点,旅行社,114.260591,30.546796
康辉旅游,湖北,武汉,武汉,027,,石牌岭/街道口,湖北科技创业大厦A座-14层,景点,旅行社,114.355549,30.536159
中国国际旅行社,湖北,武汉,武汉,027,,江汉区,汉兴街道红旗渠路95号,景点,旅行社,114.259098,30.625918
海旅百事通国际旅行社,湖北,武汉,武汉,027,84762552,汉阳大道,罗七路,景点,旅行社,114.227963,30.558055
武汉风采国际旅行社,湖北,武汉,武汉,027,87888888,唐家墩/菱角湖,唐家墩路中国联通旁,景点,旅行社,114.270828,30.609638
康辉旅游,湖北,武汉,武汉,027,59218844,徐东大街,东亭路余庄回民烧烤旁,景点,旅行社,114.363963,30.570863
康辉国际旅行社,湖北,武汉,武汉,027,88041377,首义汇/阅马场,楚善街,景点,旅行社,114.306177,30.535207
宝中旅游,湖北,武汉,武汉,027,83770100,王家湾,龙阳大道17号,景点,旅行社,114.212218,30.566318
宝中旅游,湖北,武汉,武汉,027,51235459,百步亭/二七,二七北路75号附4号黄埔人家,景点,旅行社,114.3172,30.629547
扬子书画院,湖北,武汉,武汉,027,155****4656;189****3101,客运港/江滩,鄱阳街鄱阳新里1号一元街扬子社区服务站三楼,景点,美术馆,114.29467,30.580168
毛泽东像章博物馆,湖北,武汉,武汉,027,,首义汇/阅马场,武珞路九龙井小区,景点,博物馆,114.304131,30.542591
中和彩色植物生态园,湖北,武汉,武汉,027,,东西湖区,走马岭街惠安大道特1号,景点,动植物园,113.996223,30.645844
小龟山,湖北,武汉,武汉,027,,珞珈山,人文路,景点,自然风光,114.368271,30.537721
中国国旅,湖北,武汉,武汉,027,84814446;83808250,汉阳大道,琴断口街道二环线七里晴川103栋1层23室,景点,旅行社,114.223484,30.555074
中国国旅,湖北,武汉,武汉,027,4001171177,汉口火车站,红旗渠路华苑小区48栋（翠竹苑9栋）3单元1层2室,景点,旅行社,114.259142,30.625934
中国国旅,湖北,武汉,武汉,027,4001171177,后湖,后湖街道后湖二路67-30号（佳海茗苑南苑）,景点,旅行社,114.288599,30.639939
中国国旅,湖北,武汉,武汉,027,4001171177,港澳台风情街,美术馆文化廊8号铺,景点,旅行社,114.292715,30.584065
中国国旅,湖北,武汉,武汉,027,4001171177,~口路,古田四路南区301-314栋1层3-11号,景点,旅行社,114.241657,30.584043
中国国旅,湖北,武汉,武汉,027,4001171177,汉阳大道,经济技术开发区金凯购物中心2楼B-36-5,景点,旅行社,114.204166,30.549636
中国国旅,湖北,武汉,武汉,027,84661597;180****3116,沌口,沌口经济开发区升官渡小区门点二号楼第四间一楼,景点,旅行社,114.19064,30.5291
淘乐堡儿童乐园,湖北,武汉,武汉,027,,石牌岭/街道口,卓刀泉东一路-雄楚大道崇文广场一楼,景点,游乐场,114.342618,30.510085
中国国旅,湖北,武汉,武汉,027,68833364,水果湖,水果湖横路一号,景点,旅行社,114.342969,30.545552
中国国旅,湖北,武汉,武汉,027,68833364,光谷/鲁巷,雄楚大街489号领秀城7栋2603,景点,旅行社,114.374054,30.505606
武汉港中国际旅行社,湖北,武汉,武汉,027,85556483,江汉路步行街,新华街道新华路186号福星国际商会大厦1层,景点,旅行社,114.275564,30.588784
旅游百事通,湖北,武汉,武汉,027,189****9199,中南路/洪山广场,武珞路442号,景点,旅行社,114.330739,30.534021
湖北万达新航线国际旅行社,湖北,武汉,武汉,027,83316715,古田路,解放大道66附1120室,景点,旅行社,114.202276,30.59375
九州旅游,湖北,武汉,武汉,027,181****1179,石牌岭/街道口,时代中心26层3-5号,景点,旅行社,114.396893,30.506563
东方乐悠国际旅行社,湖北,武汉,武汉,027,4000040013,~口路,~口居仁门崇仁新都802,景点,旅行社,114.262079,30.568689
牡丹亭,湖北,武汉,武汉,027,,宝丰,航空路13号附265号,景点,更多景点/周边游,114.260914,30.585054
曾卓故居,湖北,武汉,武汉,027,88866063,大东门/小东门,民主路486号,景点,名人故居,114.312161,30.543701
万达新航线国际旅行社,湖北,武汉,武汉,027,,楚河汉街,汉街总部国际B座32楼,景点,旅行社,114.343933,30.554453
远辉旅行社,湖北,武汉,武汉,027,134****2344,汉口火车站,航天花园3栋1楼3门,景点,旅行社,114.249835,30.607175
旅游百事通,湖北,武汉,武汉,027,87778703,和平大道积玉桥,积玉桥万达广场13号楼913室,景点,旅行社,114.307328,30.557828
中国国旅,湖北,武汉,武汉,027,68833364,石牌岭/街道口,珞南街武珞路717号兆富国际大厦1401室,景点,旅行社,114.349598,30.528248
来客旅游（武汉）有限公司,湖北,武汉,武汉,027,68833378,宝丰,宝丰路6号香溢大酒店5楼,景点,旅行社,114.253282,30.579262
云南航空国际观光旅行社,湖北,武汉,武汉,027,189****4777,客运港/江滩,洞庭街妇联大厦,景点,旅行社,114.302948,30.590246
海峡旅行社,湖北,武汉,武汉,027,159****6598,汉口火车站,田园小区18栋11层,景点,旅行社,114.274978,30.620498
东南航空国际旅行社,湖北,武汉,武汉,027,83836011;181****3715,古田路,古田街道解放大道61号（古田二路轻轨站C出口）,景点,旅行社,114.200224,30.594674
出国事务服务中心,湖北,武汉,武汉,027,,汉口火车站,汉口火车站,景点,旅行社,114.255474,30.61785
首义广场,湖北,武汉,武汉,027,88870063,首义汇/阅马场,武珞路特1号,景点,广场,114.30545,30.537445
武汉木兰草原风景区,湖北,武汉,武汉,027,85008066;85008100,黄陂区,王家河镇聂家岗,景点,自然风光,114.46022,30.959803
徐东国旅,湖北,武汉,武汉,027,150****5027,余家头/四美塘,和平街道梨园街徐风公寓2-4-602,景点,旅行社,114.352898,30.586599
武汉地铁科普馆,湖北,武汉,武汉,027,131****5995,西北湖,建设大道675号王家墩东地铁站d出口,景点,科技馆,114.263908,30.594809
汉秀剧场,湖北,武汉,武汉,027,82878262,水果湖,水果湖街东湖路138号-2栋,景点,旅游项目/观光项目,114.347778,30.551767
中国国旅,湖北,武汉,武汉,027,68833374,光谷/鲁巷,楚康路98号,景点,旅行社,114.370901,30.501181
湖北东方国旅,湖北,武汉,武汉,027,87594621,卓刀泉/虎泉,卓刀泉南路与虎泉街交叉口西南50米,景点,旅行社,114.367802,30.51452
新华崇文国际旅行社,湖北,武汉,武汉,027,65669866;158****5188,唐家墩/菱角湖,菱角湖万达广场A1座2308室,景点,旅行社,114.267841,30.612511
万国公园,湖北,武汉,武汉,027,,东湖风景区,青王路滨湖村大庙咀,景点,公园/广场,114.440575,30.546005
宝珍堂艺术馆,湖北,武汉,武汉,027,,水果湖,水果湖街沙湖大道18号万达广场2F层,景点,美术馆,114.337944,30.555653
花园山天文台遗址,湖北,武汉,武汉,027,,和平大道积玉桥,花园山4号,景点,更多景点/周边游,114.309982,30.550797
知音广场,湖北,武汉,武汉,027,,楚河汉街,中北路31号,景点,步行街,114.341072,30.55475
正鑫玲一,湖北,武汉,武汉,027,4009949360,光谷/鲁巷,鲁磨路联峰大厦802室,景点,旅行社,114.398143,30.507638
湖北品川国际旅游有限公司,湖北,武汉,武汉,027,83314117;159****2662,光谷/鲁巷,珞瑜路726号华美达光谷大酒店2楼,景点,旅行社,114.397177,30.506317
鄂之旅国际旅行社,湖北,武汉,武汉,027,159****0242,徐东大街,徐东大街汪家墩福星惠誉国际城8-2-2101室,景点,旅行社,114.353099,30.580569
湖北新华崇文国际旅行社,湖北,武汉,武汉,027,139****8032,竹叶山/花桥,江大路统建大江园12栋,景点,旅行社,114.294294,30.617877
向警予故居,湖北,武汉,武汉,027,,客运港/江滩,中山大道车站路三德社区,景点,名人故居,114.300056,30.59215
恽代英故居,湖北,武汉,武汉,027,,司门口,中华路67号附8东北方向140米,景点,名人故居,114.303429,30.549791
界立方创意空间,湖北,武汉,武汉,027,82345818,客运港/江滩,沿江大道合作路14号,景点,创意园区,114.300074,30.584099
南岸嘴江滩公园,湖北,武汉,武汉,027,,琴台,知音大道武汉晴川假日酒店东北400米,景点,公园/广场,114.287376,30.561142
要出发旅行网,湖北,武汉,武汉,027,,汉口火车站,金墩街15号财神商业广场8楼C3-C4,景点,旅行社,114.258469,30.617872
湖北省海外旅游（集团）有限公司,湖北,武汉,武汉,027,4000606176,光谷天地,光谷软件园中百超市旁,景点,旅行社,114.402033,30.473811
武汉交通国际旅行社,湖北,武汉,武汉,027,59402832,汉口火车站,常青路福星惠誉福星城1栋1单元3115室,景点,旅行社,114.244489,30.619689
天下口岸国际旅行社,湖北,武汉,武汉,027,189****4432,竹叶山/花桥,江大路统建大江园12栋,景点,旅行社,114.293099,30.616959
西北湖,湖北,武汉,武汉,027,85748936,西北湖,西北湖路,景点,城市公园,114.267601,30.598053
北太子湖,湖北,武汉,武汉,027,,江汉大学,东风大道三环线交汇处,景点,自然风光,114.188843,30.519323
严东湖,湖北,武汉,武汉,027,,洪山区,花山镇,景点,自然风光,114.566703,30.534891
竹子湖,湖北,武汉,武汉,027,,洪山区,花山镇,景点,自然风光,114.529659,30.572319
青菱湖,湖北,武汉,武汉,027,,黄家湖大学城,江夏经济开发区大桥新区街道白沙洲大桥南侧,景点,自然风光,114.242172,30.425659
杜公湖,湖北,武汉,武汉,027,,东西湖区,外环高速杜公湖大桥,景点,自然风光,114.149267,30.715924
月牙湖,湖北,武汉,武汉,027,,东西湖区,水产村,景点,自然风光,114.065924,30.648918
沉湖湿地,湖北,武汉,武汉,027,,蔡甸区,西南部长江与汉江交汇的三角地带,景点,自然风光,113.860443,30.298723
新华崇文国际旅行社,湖北,武汉,武汉,027,180****8210;189****4800,光谷/鲁巷,光谷尚都2栋1916室,景点,旅行社,114.402131,30.504291
张毕湖公园,湖北,武汉,武汉,027,,吴家山,张公堤与S17~孝高速交叉口西南50米,景点,公园/广场,114.166016,30.628496
中国国旅,湖北,武汉,武汉,027,68833374,首义汇/阅马场,临江大道77号,景点,旅行社,114.295029,30.538893
中国青年旅行社,湖北,武汉,武汉,027,,和平大道积玉桥,尚隆路18附31号,景点,旅行社,114.312836,30.557434
徐东国际旅行社,湖北,武汉,武汉,027,86811898,徐东大街,徐东大街27号,景点,旅行社,114.346201,30.589501
旅游百事通,湖北,武汉,武汉,027,,水果湖,黄鹂路,景点,旅行社,114.363095,30.564735
旅游百事通,湖北,武汉,武汉,027,,八大家/红钢城,工业一路,景点,旅行社,114.391764,30.630695
童话乐园,湖北,武汉,武汉,027,,南湖花园,平安路富安街南湖名都B区B1-9号,景点,主题公园,114.317394,30.500344
中国国旅,湖北,武汉,武汉,027,88772164;158****3869,南湖花园,建安街南湖沁康园19-1-102,景点,旅行社,114.315934,30.506288
老斋舍,湖北,武汉,武汉,027,,珞珈山,武汉大学珞珈山,景点,更多景点/周边游,114.363892,30.539616
世界文化名人园,湖北,武汉,武汉,027,87542228,光谷/鲁巷,珞瑜路1037号华中科技大学,景点,更多景点/周边游,114.417351,30.510661
爱因斯坦广场,湖北,武汉,武汉,027,,光谷/东湖高新区,华中科技大学东校区韵苑公寓17栋东南20米,景点,广场,114.43557,30.514133
长江观光国际旅行社,湖北,武汉,武汉,027,153****3390,八大家/红钢城,建设一路洪福小区对面,景点,旅行社,114.373925,30.62039
长江观光国际旅行社,湖北,武汉,武汉,027,153****3390,沌口,龙阳大道特1号,景点,旅行社,114.231115,30.494837
武汉市佳美园林西湖半岛生态园,湖北,武汉,武汉,027,135****1948;138****0461,蔡甸区,张湾街乌梅村姜家咀,景点,动植物园,113.954855,30.547585
童乐汇游园天地,湖北,武汉,武汉,027,138****4318,唐家墩/菱角湖,万达广场室外步行街E016号,景点,更多景点/周边游,114.269224,30.612131
武汉通纪念卡,湖北,武汉,武汉,027,88044739,岳家嘴/东亭,中北路265号世纪大厦608,景点,纪念馆,114.35553,30.570972
黄鹤楼,湖北,武汉,武汉,027,88875096,武胜路凯德广场,长堤街473附6号附近,景点,历史建筑,114.267464,30.567654
旅游百事通,湖北,武汉,武汉,027,85493885,汉口火车站,红旗渠路189附10号,景点,旅行社,114.263179,30.627009
宝中旅游,湖北,武汉,武汉,027,,汉口火车站,常青三路137号,景点,旅行社,114.259315,30.625695
九州旅游,湖北,武汉,武汉,027,83666316;181****1690,~口路,~口路城市广场B栋1614室,景点,旅行社,114.25233,30.576121
武汉琴台钢琴博物馆,湖北,武汉,武汉,027,84799618,汉阳大道,知音大道琴台大剧院1楼8号门艺术厅,景点,博物馆,114.260078,30.560326
国博花展,湖北,武汉,武汉,027,87363929,四新,汉阳国际博览中心,景点,展览馆,114.241951,30.506833
武汉紫薇都市田园,湖北,武汉,新洲区,027,89083898,新洲区,109省道仓埠街道丰乐村特1号,景点,自然景观,114.607498,30.815229
中国国旅,湖北,武汉,武汉,027,68833374,解放公园/武汉天地,解放大道1783号1层,景点,旅行社,114.301346,30.602713
中国国旅,湖北,武汉,武汉,027,82285322,百步亭/二七,东立街315号,景点,旅行社,114.315359,30.625683
来客旅游,湖北,武汉,武汉,027,4000274777,光谷/鲁巷,民族大道与珞瑜路交汇处光谷步行街内,景点,旅行社,114.401954,30.504828
新亚国际旅游,湖北,武汉,武汉,027,87425690,港澳台风情街,西马路财富大厦2018室,景点,旅行社,114.291458,30.592582
龟山电视塔,湖北,武汉,武汉,027,84713691,琴台,龟北路特1号龟山公园,景点,现代建筑,114.280518,30.555552
康辉国际旅行社,湖北,武汉,武汉,027,135****9025,徐东大街,欢乐大道东湖景园33栋1楼心鑫源宾馆大堂,景点,旅行社,114.373988,30.583828
波咯波咯童话国,湖北,武汉,武汉,027,,汉口火车站,泛海城市广场1楼,景点,主题公园,114.255302,30.603646
恒河生态园,湖北,武汉,武汉,027,138****3550,江夏区,劳七村,景点,动植物园,114.280118,30.298718
武汉市联友国际旅行社,湖北,武汉,武汉,027,153****1007,江腾苑,江欣苑路江堤新城春天里,景点,旅行社,114.243381,30.53036
湖北省虹桥国际旅行社,湖北,武汉,武汉,027,82795880,客运港/江滩,一元街道中山大道,景点,旅行社,114.299323,30.591273
人上人国际旅行社,湖北,武汉,武汉,027,153****8771,徐东大街,友谊大道团结路佳馨花园二期2栋,景点,旅行社,114.338849,30.586479
旅游百事通,湖北,武汉,武汉,027,59597712,后湖,后湖2路67号附9号,景点,旅行社,114.289047,30.639784
悠游乐绘本馆,湖北,武汉,武汉,027,,客运港/江滩,车站路70号E品搜秀城3楼,景点,展览馆,114.298409,30.592651
403国际艺术中心,湖北,武汉,武汉,027,180****2239,丁字桥/石牌岭,宝通寺路33号,景点,美术馆,114.33625,30.523508
武汉永拓新博达野战公园,湖北,武汉,新洲区,027,158****8052,阳逻开发区,阳逻开发区柴泊湖广场旁,景点,公园/广场,114.5638,30.69938
傅家坡旅游集散中心,湖北,武汉,武汉,027,134****8414;87332989,付家坡/大东门,武珞路358号,景点,旅行社,114.327065,30.535576
武汉联友国际旅行社,湖北,武汉,武汉,027,153****1007,宝丰,解放大道763号海军工程大学1号门商务2楼,景点,旅行社,114.252235,30.579247
上邮轮旅行网,湖北,武汉,武汉,027,,钟家村,鹦鹉大道闽东国际商务大厦3A座1902室,景点,旅行社,114.26539,30.54999
荷兰风情商业街,湖北,武汉,武汉,027,,光谷/鲁巷,民族大道163号,景点,观光街区,114.398552,30.495332
完美旅途有限公司,湖北,武汉,武汉,027,87369788,丁字桥/石牌岭,武珞路中南国际城,景点,旅行社,114.33023,30.5342
海峡旅行社,湖北,武汉,武汉,027,159****6598,竹叶山/花桥,江大路统建大江园12栋,景点,旅行社,114.294016,30.617792
湖北省电力博物馆,湖北,武汉,武汉,027,86607123,客运港/江滩,合作路22号,景点,博物馆,114.29882,30.585169
一起旅行,湖北,武汉,武汉,027,158****7892,江汉路步行街,京汉大道万科金色家园二期商业420-421室,景点,旅行社,114.280716,30.581676
智慧星星旅游,湖北,武汉,武汉,027,185****7863,石牌岭/街道口,珞狮南路147号未来城C栋1902,景点,旅行社,114.353643,30.525213
新天国际旅行社有限公司,湖北,武汉,武汉,027,82791533,港澳台风情街,惠济路长航大酒店二楼,景点,旅行社,114.289196,30.607935
三特凤凰国际旅行社,湖北,武汉,武汉,027,82266496,解放公园/武汉天地,解放大道738号新长江国际A幢6楼2号,景点,旅行社,114.30059,30.601081
联合假日国际旅行社,湖北,武汉,武汉,027,138****3043,唐家墩/菱角湖,唐家墩路,景点,旅行社,114.270751,30.611021
柏林广场,湖北,武汉,武汉,027,,光谷/鲁巷,风情街6号楼,景点,广场,114.408583,30.501703
米兰春天广场,湖北,武汉,武汉,027,,光谷/鲁巷,意大利风情街,景点,广场,114.406478,30.502458
罗马凯撒广场,湖北,武汉,武汉,027,,光谷/鲁巷,意大利风情街（近zoo  cafe）,景点,步行街,114.408168,30.501681
沛美达,湖北,武汉,武汉,027,,江夏区,段岭庙街老屋胡村（107国道1278KM处）,景点,更多景点/周边游,114.379128,30.336349
威廉盛世三店,湖北,武汉,武汉,027,134****5331,光谷/鲁巷,光谷国际商务中心,景点,旅行社,114.42997,30.5049
中国国旅,湖北,武汉,武汉,027,82883417,客运港/江滩,黄兴路27号,景点,旅行社,114.299812,30.585373
合美术馆,湖北,武汉,武汉,027,188****5696,珞狮南路,野芷湖西路16号,景点,美术馆,114.323647,30.470325
武汉大唐国际旅行社,湖北,武汉,武汉,027,85886015,六渡桥/汉正街,沿江大道王家巷航务大厦3楼,景点,旅行社,114.294598,30.570508
中国国旅,湖北,武汉,武汉,027,,司门口,中山大道858号王府井百货7层,景点,旅行社,114.29435,30.549601
中国国旅,湖北,武汉,武汉,027,4001171177,常青花园,常青花园新区街道公园环路,景点,旅行社,114.237955,30.640096
中国国旅,湖北,武汉,武汉,027,68833374,莲花湖大道,蔡甸街道蔡甸街锦绣星城10栋2号门面,景点,旅行社,114.035347,30.568998
中国国旅,湖北,武汉,武汉,027,68833364;68833374,解放公园/武汉天地,劳动街永清路22号第4栋4单元103室,景点,旅行社,114.299751,30.61348
中国国旅,湖北,武汉,武汉,027,4001171177,吴家山,田园街91号,景点,旅行社,114.133695,30.624229
武汉东翰艺术馆,湖北,武汉,武汉,027,87800488,南湖花园,文馨街,景点,美术馆,114.327957,30.49592
凯撒旅游武汉分公司,湖北,武汉,武汉,027,59598288,宝丰,解放大道新世界中心A座17层1708室,景点,旅行社,114.266838,30.578787
康辉国际旅行社,湖北,武汉,武汉,027,84655937,王家湾,汉江阳光城B7148,景点,旅行社,114.207204,30.559364
码头潭遗址公园,湖北,武汉,武汉,027,,吴家山,吴家山北部,景点,城市观光,114.12635,30.635948
武汉一路阳光旅游投资发展有限公司,湖北,武汉,武汉,027,180****1530,武汉商务区,淮海路泛海国际SOHO城第2幢13层,景点,旅行社,114.248199,30.599689
美旅网,湖北,武汉,武汉,027,186****7179,丁字桥/石牌岭,丁字桥路123号,景点,旅行社,114.329124,30.521366
联友国际旅行社,湖北,武汉,武汉,027,153****1007,竹叶山/花桥,江大路统建大江园南苑12栋4单元303室,景点,旅行社,114.293085,30.616865
联友国际旅行社,湖北,武汉,武汉,027,153****1007,百步亭/二七,后湖大道新生活摩尔城2001室,景点,旅行社,114.321704,30.655958
光大星星假期,湖北,武汉,武汉,027,51515333,唐家墩/菱角湖,菱角湖万达广场A1-709室,景点,旅行社,114.2669,30.6097
滠水公园,湖北,武汉,武汉,027,,黎黄陂广场,黄陂二桥与大桥之间,景点,公园/广场,114.386627,30.871634
中国青年旅行社,湖北,武汉,武汉,027,81880358,东西湖区,慈惠街鸦渡大队,景点,旅行社,114.03488,30.59536
昆明国旅,湖北,武汉,武汉,027,182****5807,百步亭/二七,百步亭社区后湖南路85号,景点,旅行社,114.313641,30.650173
海航乐游国际旅行社,湖北,武汉,武汉,027,86971935,石牌岭/街道口,珞南街道口未来公馆6楼,景点,旅行社,114.345982,30.528326
湖北幸运乐游国际旅行社,湖北,武汉,武汉,027,83949673,和平大道积玉桥,和平大道积玉桥万达A座401室,景点,旅行社,114.309425,30.563594
万达新航线国际旅行社,湖北,武汉,武汉,027,88616002,黄陂区,盘龙城珩生广场2楼201商铺,景点,旅行社,114.26104,30.70956
旅游百事通,湖北,武汉,武汉,027,186****9988,汉阳大道,琴台大道华润中央公园一期4栋,景点,旅行社,114.240092,30.565362
幸运乐游国际旅行社,湖北,武汉,武汉,027,87373986,石牌岭/街道口,雄楚大街268号湖北出版文化城附1楼武商量贩店,景点,旅行社,114.342173,30.510493
旅行之家,湖北,武汉,武汉,027,,江汉路步行街,江汉二路近步行街,景点,旅行社,114.290381,30.583051
旅游百事通,湖北,武汉,武汉,027,82846788,港澳台风情街,解放大道,景点,旅行社,114.294945,30.59704
内沙湖公园,湖北,武汉,武汉,027,,和平大道积玉桥,友谊大道194号附近,景点,公园/广场,114.315491,30.562666
非遗艺术博物馆,湖北,武汉,武汉,027,,竹叶山/花桥,解放公园路50号永成大厦12层,景点,博物馆,114.286575,30.610785
中南国际旅行社,湖北,武汉,武汉,027,159****6958,西北湖,云林街4号,景点,旅行社,114.27579,30.59776
中华三百六十行雕塑馆,湖北,武汉,武汉,027,,和平大道积玉桥,昙华林艺术区,景点,美术馆,114.305557,30.553057
龙之旅国际旅行社,湖北,武汉,武汉,027,83210086,吴家山,轻轨一号线东吴大道站内,景点,旅行社,114.128614,30.624894
联友国际旅行社,湖北,武汉,武汉,027,134****6912,徐东大街,徐东大街团结大道鸿江花畔里4栋2单元602室,景点,旅行社,114.363431,30.591931
湖北九州国际旅行社,湖北,武汉,武汉,027,,余家头/四美塘,三阳路80号康华大厦13层,景点,旅行社,114.312782,30.600592
武汉紫金葡萄文化传播有限公司,湖北,武汉,武汉,027,136****1324,吴家山,新沟镇工业园特18号,景点,旅行社,114.150434,30.618614
七彩花海公园,湖北,武汉,武汉,027,,梁子湖风景区,五里界中洲村,景点,公园/广场,114.432861,30.2792
中国国旅,湖北,武汉,武汉,027,,欢乐大道/仁和路,古田一路23号,景点,旅行社,114.377294,30.607888
大唐旅游,湖北,武汉,武汉,027,180****3818,后湖,塔子湖街道金桥大道117号市民之家负一层,景点,旅行社,114.295819,30.661879
易游天下国际旅行社,湖北,武汉,武汉,027,,钟家村,翠微横路,景点,旅行社,114.26094,30.545849
武汉中国旅行社,湖北,武汉,武汉,027,180****6778,光谷/鲁巷,卓刀泉街道民族大道218号,景点,旅行社,114.397826,30.498246
中国国旅,湖北,武汉,武汉,027,87877779,石牌岭/街道口,珞瑜路312号武商量贩1楼,景点,旅行社,114.366341,30.520571
中国国旅,湖北,武汉,武汉,027,68833374,后湖,珞狮北路61-6号,景点,旅行社,114.300118,30.639558
中国国旅,湖北,武汉,武汉,027,68833374;68833364,徐东大街,武东街三村78门17号,景点,旅行社,114.341445,30.586745
智和路东方红夜市,湖北,武汉,武汉,027,,八大家/红钢城,友谊大道东方丽锦北,景点,夜市,114.399704,30.617044
快乐码头休闲广场,湖北,武汉,武汉,027,,客运港/江滩,江汉二路181号,景点,公园/广场,114.293917,30.586397
湖北新华崇文国际旅行社有限公司,湖北,武汉,武汉,027,4009900855,徐东大街,徐东大街团结名居桔园三单元2201,景点,旅行社,114.343641,30.588961
将游旅行社,湖北,武汉,武汉,027,135****6260,石牌岭/街道口,珞石南路147号理工大创业园501室,景点,旅行社,114.352761,30.523699
湖北新华旅行社,湖北,武汉,武汉,027,82778123,汉口火车站,大武汉1911A栋701-709室,景点,旅行社,114.262633,30.613882
中国国旅,湖北,武汉,武汉,027,68833374,百步亭/二七,兴业路320号附4,景点,旅行社,114.320681,30.649136
海峡国际旅行社,湖北,武汉,武汉,027,159****6598,~口路,仁寿路105号,景点,旅行社,114.245506,30.574018
中国国旅,湖北,武汉,武汉,027,68833374,四新,建桥街道汉阳大道与鹦鹉大道交汇处人信汉商银座第ABC座1层07号,景点,旅行社,114.247162,30.51424
中国国旅,湖北,武汉,武汉,027,68833374,解放公园/武汉天地,解放大道1801号51栋3单元,景点,旅行社,114.302422,30.604136
中国国旅,湖北,武汉,武汉,027,4001171177,~口路,中山大道113号（原~口区委礼堂1号楼）一层,景点,旅行社,114.263703,30.569403
黄陂木兰胜天农庄风景区,湖北,武汉,武汉,027,85008888;85008999,黄陂区,王家河镇长堰木兰胜天农庄风景区,景点,自然风光,114.432419,31.034491
武汉交通国际旅行社,湖北,武汉,武汉,027,153****7270,汉口火车站,常青街道发展大道176号兴城大厦A座12层3室,景点,旅行社,114.255417,30.610417
武汉两江游览游船,湖北,武汉,武汉,027,82779136;82782992,客运港/江滩,沿江大道181号粤汉码头,景点,河道观光,114.306816,30.589422
武汉植物园,湖北,武汉,武汉,027,87510783,东湖风景区,鲁磨路特一号,景点,植物园,114.423347,30.544489
汉阳公园,湖北,武汉,武汉,027,84841568,钟家村,汉阳大道74号,景点,公园/广场,114.26915,30.550879
普愿禅寺,湖北,武汉,武汉,027,87935066,黄家湖大学城,江夏经济开发区大桥新区街道大桥新区邢远长2队,景点,宗教,114.306976,30.386179
木兰文化生态旅游区,湖北,武汉,武汉,027,61105500,黄陂区,木兰山风景区胜景大道77号,景点,自然风光,114.348885,31.079535
中国国旅,湖北,武汉,武汉,027,158****1774,白沙洲,杨家湾武商量贩一楼,景点,旅行社,114.303316,30.519046
苏梅岛,湖北,武汉,武汉,027,88860588,首义汇/阅马场,阅马场景观楼911室,景点,旅行社,114.307027,30.540137
景观楼漂流,湖北,武汉,武汉,027,,首义汇/阅马场,湖北剧院附近正东方向120米,景点,漂流,114.307007,30.540257
湖北康辉国际旅行社,湖北,武汉,武汉,027,138****7452,南湖花园,南湖花园建安街267号,景点,旅行社,114.321488,30.504468
美旅旅程（湖北）国际旅游有限公司,湖北,武汉,武汉,027,85893003,万松园,银松路东一时区A2601室,景点,旅行社,114.272517,30.591387
东之旅科技有限公司,湖北,武汉,武汉,027,82283113,百步亭/二七,汉口城市广场2号楼1507室,景点,旅行社,114.306766,30.652294
香草花田,湖北,武汉,武汉,027,84961088;189****7842,蔡甸区,索河街梅池村,景点,植物园,113.893303,30.508905
琴园,湖北,武汉,武汉,027,,徐东大街,沙湖路福星惠誉・水岸星城B区南门对面,景点,公园/广场,114.345541,30.573061
易游天下国际旅行社,湖北,武汉,武汉,027,188****1919,光谷/鲁巷,珞喻路727东谷银座24层A-2402室,景点,旅行社,114.394769,30.509489
中国国旅,湖北,武汉,武汉,027,83903799;65022799,后湖,百步亭花园后湖大道111号汉口城市广场2层,景点,旅行社,114.307275,30.652215
武汉水上运动俱乐部,湖北,武汉,武汉,027,51837859;139****8088,水果湖,东湖路146号弘毅大酒店旁,景点,水上项目/水上体验,114.355545,30.551491
三特旅游开发有限公司,湖北,武汉,武汉,027,,中南路/洪山广场,银海华庭4楼,景点,旅行社,114.343729,30.538439
武钢体育馆水上乐园,湖北,武汉,武汉,027,86485252;86485883,八大家/红钢城,仁和路武钢体育馆内,景点,水上乐园,114.389359,30.611204
龟兔旅行,湖北,武汉,武汉,027,87751861,光谷/鲁巷,武昌府二期西区第5号商业A单元23层5号,景点,旅行社,114.408095,30.499625
易游天下,湖北,武汉,武汉,027,65025990,汉阳大道,龙阳大道特8号九州通大厦B座1016,景点,旅行社,114.204068,30.550358
48街坊,湖北,武汉,武汉,027,,八大家/红钢城,和平大道建设二路路口,景点,步行街,114.380406,30.622879
冶金街105街,湖北,武汉,武汉,027,,八大家/红钢城,恩施街29-10号,景点,步行街,114.402739,30.622009
中央文化区楚河汉街,湖北,武汉,武汉,027,59363333,楚河汉街,中北路,景点,步行街,114.345589,30.554352
纸坊商业街,湖北,武汉,武汉,027,,纸坊,长乐路乐华楼东北侧约40米,景点,观光街区,114.308678,30.345698
盘龙城罗纳尔河谷,湖北,武汉,武汉,027,,盘龙城,盘龙城经济开发区盘龙城,景点,自然风光,114.270111,30.694269
城市广场,湖北,武汉,新洲区,027,,阳逻开发区,阳光北路478号附近,景点,更多景点/周边游,114.575005,30.668671
周彭村,湖北,武汉,武汉,027,,广埠屯,珞南街道,景点,古村古镇,114.351784,30.511961
怡美广场,湖北,武汉,武汉,027,,万松园,新华路392号,景点,公园/广场,114.273567,30.593477
户部巷,湖北,武汉,武汉,027,189****5086,司门口,户部巷1-1-401号,景点,步行街,114.298065,30.547413
湖北乐乐兔旅业有限公司,湖北,武汉,武汉,027,186****8628,丁字桥/石牌岭,雄楚大道89号,景点,旅行社,114.32404,30.519712
漳河风景区,湖北,武汉,武汉,027,,黄陂区,古镇王家河境内,景点,自然景观,114.417961,30.962931
易游天下国际旅行社有限公司,湖北,武汉,武汉,027,82290298,客运港/江滩,南京路124号,景点,旅行社,114.29,30.58507
牛牛de旅行,湖北,武汉,武汉,027,88018381,首义汇/阅马场,司门口大成路与解放路交叉口,景点,旅行社,114.298455,30.543124
牛牛de旅行,湖北,武汉,武汉,027,88018382;88018191,武展商圈,解放大道690号国际广场购物中心,景点,旅行社,114.271546,30.579566
牛牛de旅行,湖北,武汉,武汉,027,88018382,楚河汉街,中央文化区商业步行街,景点,旅行社,114.338371,30.556671
牛牛de旅行,湖北,武汉,武汉,027,88018381,王家湾,王家湾摩尔城内,景点,旅行社,114.207476,30.559067
回印画廊艺术微喷,湖北,武汉,武汉,027,87440986,光谷/鲁巷,光谷创业街特一号2305,景点,美术馆,114.41386,30.50121
武汉民间旅行社,湖北,武汉,武汉,027,88393922,首义汇/阅马场,武珞路114号,景点,旅行社,114.311057,30.540217
中国实业银行大楼旧址,湖北,武汉,武汉,027,,江汉路/南京路,江汉路22号,景点,古代遗迹,114.29567,30.577806
武泰闸,湖北,武汉,武汉,027,88076823,白沙洲,巡司河街与白沙洲大道交界处,景点,人文古迹,114.302864,30.517674
将游旅行,湖北,武汉,武汉,027,181****9083,首义汇/阅马场,首义路阅马场公交车站南方大厦10楼,景点,旅行社,114.308733,30.540034
将游旅行,湖北,武汉,武汉,027,135****6260,石牌岭/街道口,南湖西路玫瑰湾二期红玫苑A1栋,景点,旅行社,114.342598,30.487628
将游旅行,湖北,武汉,武汉,027,156****0091,丁字桥/石牌岭,中南路中建广场b座12楼,景点,旅行社,114.332214,30.535112
和平农庄,湖北,武汉,武汉,027,134****6726;4009027988,黄家湖大学城,江夏经济开发区大桥新区街道大桥新区办事处武昌大道特8号,景点,旅游项目/观光项目,114.309509,30.3787
九州旅游,湖北,武汉,武汉,027,51232338,江汉路步行街,京汉大道循礼门地铁站内,景点,旅行社,114.285959,30.584938
梦幻蝴蝶谷,湖北,武汉,武汉,027,84760258;84830898,汉阳造创意文化园,龟山北路1号汉阳造文化创意产业园1号楼汉阳会馆,景点,展览馆,114.267838,30.556025
中国国旅麒麟路门市,湖北,武汉,武汉,027,68833374;68833364,汉阳大道,墨水湖北路232号,景点,旅行社,114.226422,30.552712
中国国旅,湖北,武汉,武汉,027,68833374,汉阳大道,郝山路17号2楼201室,景点,旅行社,114.223466,30.555106
中国国旅,湖北,武汉,武汉,027,68833374,白沙洲,白沙洲五路11号,景点,旅行社,114.259909,30.483868
中国国旅,湖北,武汉,武汉,027,68833374,港澳台风情街,苗栗路19号,景点,旅行社,114.286739,30.594914
中国国旅,湖北,武汉,武汉,027,68833374,钟家村,汉阳造创意文化园特9号,景点,旅行社,114.26981,30.550972
幸运乐游国际旅行社,湖北,武汉,武汉,027,83949673,鹦鹉大道,马鹦路名流公馆附18号,景点,旅行社,114.250085,30.540635
幸运乐游国际旅行社,湖北,武汉,武汉,027,83949673,百步亭/二七,解放大道航天双城A座508室,景点,旅行社,114.315902,30.6258
武汉市内精华一日游,湖北,武汉,武汉,027,4006607106,中南路/洪山广场,中南路10号,景点,旅行社,114.333195,30.536659
幸运乐游国际旅行社,湖北,武汉,武汉,027,83949673,首义汇/阅马场,武珞路南方大夏A座808室,景点,旅行社,114.308695,30.54008
武汉园博园,湖北,武汉,武汉,027,65027332;65023975,常青花园,金南二路8号,景点,城市公园,114.217484,30.630985
中国国旅,湖北,武汉,武汉,027,4001171177,和平大道积玉桥,新华西路武汉菱角湖万达广场A区A栋A1单元15层17号,景点,旅行社,114.309727,30.563577
幸运乐游国际旅行社,湖北,武汉,武汉,027,83949673,卓刀泉/虎泉,雄楚大道文泉商务大厦703室,景点,旅行社,114.365858,30.50764
幸运乐游国际旅行社,湖北,武汉,武汉,027,83949673,西北湖,汉西三路香江家居旁,景点,旅行社,114.274392,30.589172
幸运乐游国际旅行社,湖北,武汉,武汉,027,83949673,古田路,解放大道太平洋人行天桥底,景点,旅行社,114.213431,30.587625
幸运乐游国际旅行社,湖北,武汉,武汉,027,83949673,百步亭/二七,后湖大道中森华国际城A座709室,景点,旅行社,114.32983,30.655011
幸运乐游国际旅行社,湖北,武汉,武汉,027,83949673,光谷/鲁巷,南湖大道江南家园2期8栋803室,景点,旅行社,114.397286,30.479256
天天国际旅行社有限公司,湖北,武汉,武汉,027,186****1518,光谷/鲁巷,高新大道关山街长航蓝晶国际第7号楼6层1号,景点,旅行社,114.418446,30.496046
云游天下,湖北,武汉,武汉,027,189****4800,石牌岭/街道口,珞狮路147号理工大学生创业园501-1,景点,旅行社,114.352767,30.523933
好游汇旅游,湖北,武汉,武汉,027,4006607106,汉口火车站,二环线兴城大厦A座12楼,景点,旅行社,114.254753,30.613183
好游汇旅游,湖北,武汉,武汉,027,4006607106,纸坊,文华佳园,景点,旅行社,114.320683,30.3874
沙雕文化公园,湖北,武汉,武汉,027,,常青花园,金南一路一号东方马城国际赛马场内,景点,文化公园,114.226218,30.632346
中国国旅,湖北,武汉,武汉,027,68833364,和平大道积玉桥,和平大道,景点,旅行社,114.308199,30.559018
九真山景区,湖北,武汉,武汉,027,69303030,蔡甸区,永安街卢房村,景点,自然风光,113.816589,30.446972
瀚城汇商业街,湖北,武汉,武汉,027,,卓刀泉/虎泉,雄楚大道名都花园450号,景点,步行街,114.37027,30.500149
将游旅行,湖北,武汉,武汉,027,181****9083,金银湖,金银湖路20号内,景点,旅行社,114.20532,30.640565
将游旅行,湖北,武汉,武汉,027,181****9083,古田路,解放大道49号,景点,旅行社,114.195083,30.600455
三人游旅游,湖北,武汉,武汉,027,153****6895,纸坊,江夏贵妃灶王府酒店旁,景点,旅行社,114.313873,30.367433
三人游旅游,湖北,武汉,新洲区,027,65381451,武生院/工程学院,汉施路武汉工程学院对面,景点,旅行社,114.530159,30.707607
康辉国际旅行社,湖北,武汉,武汉,027,65520608,藏龙岛,高新四路万科魅力之城,景点,旅行社,114.439019,30.447943
湖北咨议局界碑,湖北,武汉,武汉,027,,首义汇/阅马场,武珞路1号武昌起义军政府旧址院墙西南角50米处,景点,革命根据地,114.305016,30.541405
杨正古铁佛寺,湖北,武汉,武汉,027,,黄陂区,盘龙城经济开发区黄花涝村,景点,宗教,114.193682,30.724252
昙华林汉秀馆,湖北,武汉,武汉,027,,司门口,粮道街办事处昙华林58号,景点,展览馆,114.3078,30.552792
体育公园,湖北,武汉,武汉,027,,后湖,幸福大道8-1号斯博兰花园酒店,景点,公园/广场,114.282571,30.639799
禹柏轩,湖北,武汉,武汉,027,,琴台,洗马长街86号晴川阁内,景点,人文古迹,114.284775,30.555944
禹稷行宫,湖北,武汉,武汉,027,84710887,琴台,洗马长街86号,景点,历史建筑,114.284546,30.555655
中山公园游乐场,湖北,武汉,武汉,027,85607776,万松园,万松街道解放大道1265号,景点,游乐场,114.271164,30.588694
易游天下旅行社,湖北,武汉,武汉,027,186****2736,光谷/鲁巷,关山一路74号保利花园,景点,旅行社,114.413206,30.500336
湖北省海外旅游（集团）有限公司,湖北,武汉,武汉,027,,港澳台风情街,"解放大道1155号融科天城三期15,16,17栋",景点,旅行社,114.29728,30.59671
湖北省海外旅游,湖北,武汉,武汉,027,,汉阳大道,汉阳人信汇商业广场负一层8-107-1,景点,旅行社,114.205321,30.552241
湖北省海外旅游（集团）有限公司,湖北,武汉,武汉,027,,八大家/红钢城,建一路2号融侨锦江三期商业第十栋1层35号,景点,旅行社,114.43792,30.6274
湖北省海外旅游（集团）有限公司,湖北,武汉,武汉,027,,石牌岭/街道口,工业园书城路18号名士1号3-4室,景点,旅行社,114.340515,30.506372
湖北省海外旅游（集团）有限公司,湖北,武汉,武汉,027,,王家湾,汉阳龙阳大道陶家岭旁,景点,旅行社,114.205271,30.552273
湖北省海外旅游（集团）有限公司,湖北,武汉,武汉,027,,司门口,司门口大成路肯德基旁,景点,旅行社,114.30056,30.54821
湖北省海外旅游（集团）有限公司,湖北,武汉,武汉,027,,徐东大街,徐东大街福客茂1楼,景点,旅行社,114.339029,30.586619
中国国旅,湖北,武汉,武汉,027,68833374,~口路,崇仁路25-258号A/B栋1层26号-2,景点,旅行社,114.261678,30.576694
海马公园,湖北,武汉,武汉,027,,汉口火车站,青年路与后襄河北路交汇处,景点,公园/广场,114.254341,30.612356
甘露山,湖北,武汉,武汉,027,,黄陂区,火塔线,景点,自然风光,114.419959,30.900189
将游旅行,湖北,武汉,武汉,027,135****6260,百步亭/二七,解放大道168号航天双城2号门旁,景点,旅行社,114.313913,30.62305
联投佩尔创意soho,湖北,武汉,武汉,027,,藏龙岛,(江夏藏龙岛)流芳路52号,景点,创意园区,114.444367,30.418547
观澜天地商业街,湖北,武汉,武汉,027,,白沙洲,武金堤路观澜天地底商,景点,步行街,114.279648,30.505998
将游旅行,湖北,武汉,武汉,027,134****4407,八大家/红钢城,友谊大道899号,景点,旅行社,114.393664,30.619584
湖北省海外旅游集团马祖路门市,湖北,武汉,武汉,027,85577903;136****2296,港澳台风情街,马祖路高雄小区,景点,旅行社,114.288772,30.596212
青岛牵手国际旅行社有限公司,湖北,武汉,武汉,027,186****9626,汉口火车站,白云路杨春湖畔1栋203室,景点,旅行社,114.260028,30.604638
完美旅程国际旅行社,湖北,武汉,武汉,027,132****3809,钟家村,归元寺路9号,景点,旅行社,114.26071,30.548569
完美旅程国际旅行社,湖北,武汉,武汉,027,181****7203,八大家/红钢城,和平大道1085附12,景点,旅行社,114.40168,30.639553
完美旅程国际旅行社,湖北,武汉,武汉,027,180****6778,百步亭/二七,解放大道丹水池,景点,旅行社,114.330468,30.643618
完美旅程国际旅行社,湖北,武汉,武汉,027,59219820,光谷/鲁巷,珞瑜路光谷中心花园C座3002室,景点,旅行社,114.397396,30.507479
完美旅程国际旅行社,湖北,武汉,武汉,027,181****5961,百步亭/二七,正义路30附9号,景点,旅行社,114.296165,30.632954
完美旅程国际旅行社,湖北,武汉,武汉,027,59219820,首义汇/阅马场,张之洞路70号,景点,旅行社,114.295112,30.534699
完美旅程国际旅行社,湖北,武汉,武汉,027,186****8952,黄陂区,政通大道农业银行旁,景点,旅行社,114.353958,30.714315
完美旅程国际旅行社,湖北,武汉,武汉,027,181****7203;181****7961,纸坊,纸金路石头湾10号,景点,旅行社,114.288238,30.332348
完美旅程国际旅行社,湖北,武汉,武汉,027,181****7961,蔡甸区,L正街与白鹤泉西街交叉口旁,景点,旅行社,114.011394,30.449634
云游天下,湖北,武汉,武汉,027,180****8210;189****4800,黄陂广场,前川街黄陂广场B栋2楼102号商铺,景点,旅行社,114.376315,30.880544
美丢国际旅游,湖北,武汉,武汉,027,88320005,徐东大街,徐东大街1号优活城1号1905,景点,旅行社,114.34202,30.59497
云游天下,湖北,武汉,武汉,027,180****8210,后湖,汉口花园,景点,旅行社,114.270442,30.632957
云游天下,湖北,武汉,武汉,027,180****8210,藏龙岛,藏龙岛杨桥湖大道湖北经济学院创业园,景点,旅行社,114.436332,30.419266
云游天下,湖北,武汉,武汉,027,180****8210;189****4800,唐家墩/菱角湖,菱角湖万达广场B1-1502号,景点,旅行社,114.26748,30.609548
快乐假期,湖北,武汉,武汉,027,65021433;153****2877,光谷/鲁巷,珞喻路光谷广场（大洋百货内）,景点,旅行社,114.402123,30.505932
快乐假期,湖北,武汉,武汉,027,65021433;153****2877,汉西路,解放大道汉西一路地铁站D出口,景点,旅行社,114.219347,30.585524
快乐假期,湖北,武汉,武汉,027,65021433;153****2877,古田路,解放大道古田二路地铁站A口,景点,旅行社,114.195987,30.597497
完美旅程旅行社,湖北,武汉,武汉,027,88933530;153****0220,南湖花园,静安路,景点,旅行社,114.320861,30.522001
好游汇旅游,湖北,武汉,武汉,027,4006607106,唐家墩/菱角湖,菱角湖万达广场B1,景点,旅行社,114.267192,30.609652
海外旅游（集团）有限公司,湖北,武汉,武汉,027,,大花岭,江夏经济开发区大桥新区街道金樱街明星小区A6栋11号门面,景点,旅行社,114.313602,30.414172
海外旅游（集团）有限公司,湖北,武汉,武汉,027,,余家头/四美塘,罗家港路港东民居7栋1-102室,景点,旅行社,114.368681,30.602142
海外旅游（集团）有限公司,湖北,武汉,武汉,027,138****6595,徐东大街,和平大道1028号才华名苑1栋3单元101室,景点,旅行社,114.341491,30.597008
海外旅游（集团）有限公司,湖北,武汉,武汉,027,,徐东大街,南湖街南湖华锦花园小区一期106-107商铺1-1号,景点,旅行社,114.342941,30.57979
海外旅游（集团）有限公司,湖北,武汉,武汉,027,,首义汇/阅马场,临江大道56-1号,景点,旅行社,114.296787,30.552067
海外旅游（集团）有限公司,湖北,武汉,武汉,027,62438898,徐东大街,和平大道872号,景点,旅行社,114.3345,30.575266
永顺马拉河旅游,湖北,武汉,武汉,027,,竹叶山/花桥,江大路68号,景点,旅行社,114.28246,30.6186
永顺马拉河旅游,湖北,武汉,武汉,027,,后湖,兴业南路1919号酒店旁,景点,旅行社,114.29958,30.64047
永顺马拉河旅游,湖北,武汉,武汉,027,,光谷/鲁巷,民族大道光谷广场B站旁,景点,旅行社,114.399192,30.506022
永顺马拉河旅游,湖北,武汉,武汉,027,,常青花园,常青花园2区后门,景点,旅行社,114.24726,30.63876
永顺马拉河旅游,湖北,武汉,武汉,027,,后湖,正义路正义花园1栋,景点,旅行社,114.297045,30.633315
马拉河旅游,湖北,武汉,武汉,027,,~口路,解放南路386号,景点,旅行社,114.245828,30.575148
马拉河旅游,湖北,武汉,武汉,027,,客运港/江滩,南京路路口,景点,旅行社,114.293318,30.582768
中南国旅,湖北,武汉,武汉,027,,和平大道积玉桥,棋盘街26号门店,景点,旅行社,114.313489,30.546839
南星旅游俱乐部,湖北,武汉,武汉,027,180****4786,光谷/鲁巷,光谷东谷银座24楼2402室,景点,旅行社,114.394657,30.509377
龙城水上乐园,湖北,武汉,武汉,027,88019836,光谷/鲁巷,光谷民族大道888号,景点,水上乐园,114.385896,30.464606
沉湖芦花汇,湖北,武汉,武汉,027,69403822,蔡甸区,沉湖国际重要湿地,景点,自然风光,113.828865,30.330967
逍遥假期,湖北,武汉,武汉,027,51331956;51331950,八大家/红钢城,青扬十街4栋5号商铺,景点,旅行社,114.401089,30.641195
旅游百事通知音路门市部,湖北,武汉,武汉,027,84631850,王家湾,知音路与金龙路交叉路口东侧,景点,旅行社,114.208809,30.569409
康辉旅游,湖北,武汉,武汉,027,87509550,光谷/鲁巷,雄楚大街与楚韵路交口东160米,景点,旅行社,114.395266,30.498411
武汉市内一日游,湖北,武汉,武汉,027,83778828;153****1563,首义汇/阅马场,黄鹤楼旅游集散中心,景点,旅行社,114.308779,30.542188
宝中旅游,湖北,武汉,武汉,027,138****4845,黄陂区,滠阳大街148号,景点,旅行社,114.354071,30.714941
风光旅游,湖北,武汉,武汉,027,,楚河汉街,东湖路60号,景点,旅行社,114.345621,30.550231
康辉旅游,湖北,武汉,武汉,027,150****6155,藏龙岛,九凤街11号高新六路3附36号,景点,旅行社,114.428391,30.437481
星桥旅行社,湖北,武汉,武汉,027,88022857,雄楚大道,南湖花园中商平价超市对面,景点,旅行社,114.318871,30.516181
汉口俄租界巡捕房旧址,湖北,武汉,武汉,027,,客运港/江滩,黎黄陂路8号,景点,古代遗迹,114.30098,30.587002
洛克王国大冒险,湖北,武汉,武汉,027,85555847,首义汇/阅马场,西厂口1号首义广场,景点,更多景点/周边游,114.30446,30.540762
太阳湖度假村,湖北,武汉,武汉,027,88992229,黄陂区,长轩岭镇石门山木兰天池景区板栗基地示范园,景点,温泉,114.305725,31.177734
中南国旅,湖北,武汉,武汉,027,88229908;153****9525,南湖花园,雅安街293号,景点,旅行社,114.321467,30.509707
中南国旅旅游公司,湖北,武汉,武汉,027,,江汉大学,南苑路经典超市旁,景点,旅行社,114.164115,30.511085
宝中旅游,湖北,武汉,武汉,027,88220828,余家头/四美塘,和平大道水岸国际728号K3栋1-18号,景点,旅行社,114.320272,30.575158
海峡旅行社,湖北,武汉,武汉,027,159****6598,百步亭/二七,后湖大道摩尔城1栋2001室,景点,旅行社,114.321556,30.656044
万达旅业湖北万达新航线国旅,湖北,武汉,武汉,027,,岳家嘴/东亭,中北路136号附24号,景点,旅行社,114.35805,30.56269
九州旅游,湖北,武汉,武汉,027,159****1289,竹叶山/花桥,江大路酷秀对面,景点,旅行社,114.279439,30.618699
泰和.中央街,湖北,武汉,武汉,027,,江汉大学,东风三路与东风中路交叉路口北侧,景点,观光街区,114.161765,30.505635
好游汇旅游,湖北,武汉,武汉,027,4006607106,余家头/四美塘,九州国际,景点,旅行社,114.378594,30.614865
光谷德国风情街,湖北,武汉,武汉,027,87419113,光谷/鲁巷,珞瑜路726号光谷步行街,景点,步行街,114.408211,30.501425
黄鹤楼古郢州城垣,湖北,武汉,武汉,027,,司门口,民主路56号,景点,历史建筑,114.303391,30.544502
长江日报国际旅行社,湖北,武汉,武汉,027,,港澳台风情街,云林街观湖铂金酒店1820室,景点,旅行社,114.277001,30.596003
吴主禅寺,湖北,武汉,武汉,027,180****0867,武钢厂区/武东,张公山寨度假山庄景区,景点,宗教,114.505135,30.588991
基督教福音堂,湖北,武汉,武汉,027,,光谷/鲁巷,中国湖北省武汉市洪山区水蓝路,景点,宗教,114.374068,30.464248
鄂南风情旅行社,湖北,武汉,武汉,027,134****5652;134****5331,黄家湖大学城,黄家湖武交职丽水南路东澜岸广场4楼,景点,旅行社,114.263106,30.433611
北伐军官兵公墓,湖北,武汉,武汉,027,87641163,石牌岭/街道口,武珞路361号,景点,烈士陵园,114.346848,30.529359
鄂南风情旅行社,湖北,武汉,武汉,027,134****5652;134****5331,余家头/四美塘,红钢城，，,景点,旅行社,114.393995,30.637885
梨园旅行社,湖北,武汉,武汉,027,,岳家嘴/东亭,徐东大街大街343号梨园大酒店B1楼,景点,旅行社,114.365622,30.576398
魔幻气球艺术展,湖北,武汉,武汉,027,,江汉路/南京路,江汉路原万达广场工贸家电四楼,景点,展览馆,114.292305,30.578812
海旅百事通国际旅行社,湖北,武汉,武汉,027,88118807,藏龙岛,藏龙岛湖北经济学院智慧园2014-1,景点,旅行社,114.429715,30.415598
宝中旅游,湖北,武汉,武汉,027,83668888,~口路,建设大道435号易初莲花超市旁,景点,旅行社,114.250651,30.584121
壶头峡漂流,湖北,武汉,武汉,027,,丁字桥/石牌岭,丁字桥中南花园饭店,景点,漂流,114.334892,30.530825
宜昌光大旅行社,湖北,武汉,武汉,027,,钟家村,钟家村归元寺旁,景点,旅行社,114.262,30.546
武汉中华奇石馆,湖北,武汉,武汉,027,84845919;84843750,钟家村,翠微路61号,景点,博物馆,114.261696,30.54542
新华国际旅行社,湖北,武汉,武汉,027,157****4293,常青花园,将军一路173号翠林居24号商铺,景点,旅行社,114.257481,30.647001
鄂南风情旅行社,湖北,武汉,武汉,027,134****5652;134****5331,东湖风景区,好宜家超市,景点,旅行社,114.412876,30.531506
神农架神兴旅行社,湖北,武汉,武汉,027,,西北湖,大武汉11层,景点,旅行社,114.267919,30.597937
鄂南风情旅行社,湖北,武汉,武汉,027,134****5652;134****5331,黄陂区,盘龙城经济开发区盘龙城,景点,旅行社,114.251614,30.707203
一三惨案遗址,湖北,武汉,武汉,027,,江汉路/南京路,沿江大道江滩17号,景点,古代遗迹,114.298264,30.575966
海航乐游,湖北,武汉,武汉,027,180****9885,光谷/鲁巷,光谷步行街尚都公寓1栋708室,景点,旅行社,114.402341,30.504531
鄂南风情旅行社,湖北,武汉,新洲区,027,134****5652;134****5331,阳逻开发区,阳逻街区,景点,旅行社,114.570943,30.658279
华中科技大学旅行社,湖北,武汉,武汉,027,,光谷/鲁巷,华中科技大学内,景点,旅行社,114.416061,30.516451
高铁凯瑞商务中心,湖北,武汉,武汉,027,,藏龙岛,藏龙岛特1号武汉铁路职业技术学院旁,景点,旅行社,114.410838,30.428858
海旅百事通国际旅行社,湖北,武汉,汉南区,027,84855800,汉南区中心城区,百花街172号,景点,旅行社,114.082315,30.305915
湖北海外旅游集团,湖北,武汉,武汉,027,,余家头/四美塘,和平大道743号附9号,景点,旅行社,114.368624,30.613494
东方国际旅行社,湖北,武汉,武汉,027,,南湖花园,金地・西岸故事北门旁,景点,旅行社,114.33801,30.48438
湖北省海外旅游阳逻门市,湖北,武汉,新洲区,027,86970700,阳逻开发区,阳逻街阳光大道351号艾仕丽宾馆,景点,旅行社,114.566819,30.661689
海旅百事通国际旅行社,湖北,武汉,武汉,027,81816416,卓刀泉/虎泉,江夏大道158附35号,景点,旅行社,114.379112,30.505611
天天游国际旅行社,湖北,武汉,武汉,027,87956885,纸坊,纸坊立交桥路花山美庐4栋,景点,旅行社,114.330346,30.360926
